Product,MAP,URL,SKU,Category
First Austria FA-5259-7,120.9,https://www.skroutz.gr/s/20837891/First-Austria-FA-5259-7.html,199196-0056,Μικροσυσκευές
First Austria FA-5654-8,25.9,https://www.skroutz.gr/s/27176070/First-Austria-FA-5654-8.html,199204-0065,Μικροσυσκευές
First Austria FA-5668 Πρέσα Μαλλιών με Κεραμικές Πλάκες,14.9,https://www.skroutz.gr/s/29440205/First-Austria-FA-5668-%CE%A0%CF%81%CE%AD%CF%83%CE%B1-%CE%9C%CE%B1%CE%BB%CE%BB%CE%B9%CF%8E%CE%BD-%CE%BC%CE%B5-%CE%9A%CE%B5%CF%81%CE%B1%CE%BC%CE%B9%CE%BA%CE%AD%CF%82-%CE%A0%CE%BB%CE%AC%CE%BA%CE%B5%CF%82.html,199204-0070,Μικροσυσκευές
First Austria 5130,99.9,https://www.skroutz.gr/s/14586851/First-Austria-5130.html,199232-0001,Μικροσυσκευές
First Austria Audrey FA-5655-1,20.9,https://www.skroutz.gr/s/19053463/First-Austria-Audrey-FA-5655-1.html,199204-0014,Μικροσυσκευές
First Austria FA-5045-6,139.9,https://www.skroutz.gr/s/17358805/First-Austria-FA-5045-6.html,199195-0014,Μικροσυσκευές
First Austria FA-5047,172.9,https://www.skroutz.gr/s/16152131/First-Austria-FA-5047.html,199195-0013,Μικροσυσκευές
First Austria FA-5096-6,66.9,https://www.skroutz.gr/s/7186499/First-Austria-FA-5096-6.html,199194-0009,Μικροσυσκευές
First Austria FA-5096-7,89.9,https://www.skroutz.gr/s/22927225/First-Austria-FA-5096-7.html,199194-0015,Μικροσυσκευές
First Austria FA-5115-2,20.9,https://www.skroutz.gr/s/21175944/First-Austria-FA-5115-2.html,199201-0024,Μικροσυσκευές
First Austria FA-5115-3,26.9,https://www.skroutz.gr/s/21175952/First-Austria-FA-5115-3.html,199201-0025,Μικροσυσκευές
First Austria FA-5221-2,37.9,https://www.skroutz.gr/s/27179468/First-Austria-FA-5221-2.html,199196-0064,Μικροσυσκευές
First Austria FA-5241-3,44.9,https://www.skroutz.gr/s/18535731/First-Austria-FA-5241-3.html,199196-0050,Μικροσυσκευές
First Austria FA-5300-1,28.9,https://www.skroutz.gr/s/26755892/First-Austria-FA-5300-1.html,199199-0048,Μικροσυσκευές
First Austria FA-5304,31.9,https://www.skroutz.gr/s/15276941/First-Austria-FA-5304.html,199199-0027,Μικροσυσκευές
First Austria FA-5305-4,28.9,https://www.skroutz.gr/s/13489674/First-Austria-FA-5305-4.html,199199-0023,Μικροσυσκευές
First Austria FA-5307 Κρεπιέρα 30cm Μαύρη 1000W,31.9,https://www.skroutz.gr/s/23049388/First-Austria-FA-5307.html,199199-0047,Μικροσυσκευές
First Austria FA-5330 Γκριλιέρα 2000W,57.9,https://www.skroutz.gr/s/400921/First-Austria-FA-5330-%CE%93%CE%BA%CF%81%CE%B9%CE%BB%CE%B9%CE%AD%CF%81%CE%B1-2000W.html,199199-0005,Μικροσυσκευές
First Austria FA-5337-5 Τοστιέρα 900W,31.9,https://www.skroutz.gr/s/11259845/First-Austria-FA-5337-5-%CE%A4%CE%BF%CF%83%CF%84%CE%B9%CE%AD%CF%81%CE%B1-900W.html,199199-0024,Μικροσυσκευές
First Austria FA-5343-3 Γκριλιέρα 1200W,44.9,https://www.skroutz.gr/s/17203966/First-Austria-FA-5343-3-%CE%93%CE%BA%CF%81%CE%B9%CE%BB%CE%B9%CE%AD%CF%81%CE%B1-1200W.html,199199-0034,Μικροσυσκευές
First Austria FA-5344-1 Γκριλιέρα 2000W,48.9,https://www.skroutz.gr/s/20438903/First-Austria-FA-5344-1-%CE%93%CE%BA%CF%81%CE%B9%CE%BB%CE%B9%CE%AD%CF%81%CE%B1-2000W.html,199199-0036,Μικροσυσκευές
First Austria FA-5350-1 Ηλεκτρική Ψησταριά 2400W με Ρυθμιζόμενο Θερμοστάτη,177.9,https://www.skroutz.gr/s/13948327/First-Austria-FA-5350-1-%CE%97%CE%BB%CE%B5%CE%BA%CF%84%CF%81%CE%B9%CE%BA%CE%AE-%CE%A8%CE%B7%CF%83%CF%84%CE%B1%CF%81%CE%B9%CE%AC-2400W-%CE%BC%CE%B5-%CE%A1%CF%85%CE%B8%CE%BC%CE%B9%CE%B6%CF%8C%CE%BC%CE%B5%CE%BD%CE%BF-%CE%98%CE%B5%CF%81%CE%BC%CE%BF%CF%83%CF%84%CE%AC%CF%84%CE%B7.html,199199-0026,Μικροσυσκευές
First Austria FA-5425-4,24.9,https://www.skroutz.gr/s/24673098/First-Austria-FA-5425-4.html,199202-0033,Μικροσυσκευές
First Austria FA-5450-4 Ηλεκτρικό Μπρίκι 350ml,23.9,https://www.skroutz.gr/s/22920812/First-Austria-FA-5450-4-%CE%97%CE%BB%CE%B5%CE%BA%CF%84%CF%81%CE%B9%CE%BA%CF%8C-%CE%9C%CF%80%CF%81%CE%AF%CE%BA%CE%B9-350ml.html,199202-0032,Μικροσυσκευές
First Austria FA-5482-2-BA,21.9,https://www.skroutz.gr/s/21169989/First-Austria-FA-5482-2-BA.html,199196-0057,Μικροσυσκευές
First Austria FA-5482-2-CR,21.9,https://www.skroutz.gr/s/21170008/First-Austria-FA-5482-2-CR.html,199196-0058,Μικροσυσκευές
First Austria FA-5653-5,20.9,https://www.skroutz.gr/s/27176059/First-Austria-FA-5653-5.html,199204-0064,Μικροσυσκευές
First Austria FA-8021 Αναλογική Ζυγαριά σε Μαύρο χρώμα,28.9,https://www.skroutz.gr/s/19821071/First-Austria-FA-8021-%CE%91%CE%BD%CE%B1%CE%BB%CE%BF%CE%B3%CE%B9%CE%BA%CE%AE-%CE%96%CF%85%CE%B3%CE%B1%CF%81%CE%B9%CE%AC-%CF%83%CE%B5-%CE%9C%CE%B1%CF%8D%CF%81%CE%BF-%CF%87%CF%81%CF%8E%CE%BC%CE%B1.html,199212-0041,Ζυγαριές
First Austria FA5045-5,192.9,https://www.skroutz.gr/s/14950451/First-Austria-FA5045-5.html,199195-0011,Μικροσυσκευές
First Austria Grill Fever FA-5343-2 Γκριλιέρα 1800W,46.9,https://www.skroutz.gr/s/13514368/First-Austria-Grill-Fever-FA-5343-2-%CE%93%CE%BA%CF%81%CE%B9%CE%BB%CE%B9%CE%AD%CF%81%CE%B1-1800W.html,199199-0025,Μικροσυσκευές
First Austria Ηλεκτρική Βούρτσα Pink 1200W,28.9,https://www.skroutz.gr/s/29440639/First-Austria-%CE%97%CE%BB%CE%B5%CE%BA%CF%84%CF%81%CE%B9%CE%BA%CE%AE-%CE%92%CE%BF%CF%8D%CF%81%CF%84%CF%83%CE%B1-FA-5651-7-Pink-1200W.html,199204-0067,Μικροσυσκευές
First Austria Φορητό ψυγείο 12V/220V FA-5170-4,81.9,https://www.skroutz.gr/s/19766666/First-Austria-%CE%A6%CE%BF%CF%81%CE%B7%CF%84%CF%8C-%CF%88%CF%85%CE%B3%CE%B5%CE%AF%CE%BF-12V-220V-FA-5170-4.html,1109215-0010,Μικροσυσκευές
First Austria FA-5459-4 Προγραμματιζόμενη Καφετιέρα Φίλτρου 900W Inox,42.9,https://www.skroutz.gr/s/10822178/First-Austria-FA-5459-4-%CE%A0%CF%81%CE%BF%CE%B3%CF%81%CE%B1%CE%BC%CE%BC%CE%B1%CF%84%CE%B9%CE%B6%CF%8C%CE%BC%CE%B5%CE%BD%CE%B7-%CE%9A%CE%B1%CF%86%CE%B5%CF%84%CE%B9%CE%AD%CF%81%CE%B1-%CE%A6%CE%AF%CE%BB%CF%84%CF%81%CE%BF%CF%85-900W-Inox.html,199203-0017,Μικροσυσκευές
First Austria Ηλεκτρική Βούρτσα FA-5651-2 400W,15.9,https://www.skroutz.gr/s/34350687/First-Austria-%CE%97%CE%BB%CE%B5%CE%BA%CF%84%CF%81%CE%B9%CE%BA%CE%AE-%CE%92%CE%BF%CF%8D%CF%81%CF%84%CF%83%CE%B1-FA-5651-2-400W.html,199204-0081,Μικροσυσκευές
First Austria FA-5344-2 Τοστιέρα Γκριλιέρα 2000W Inox,87.9,https://www.skroutz.gr/s/421641/First-Austria-FA-5344-2-%CE%A4%CE%BF%CF%83%CF%84%CE%B9%CE%AD%CF%81%CE%B1-%CE%93%CE%BA%CF%81%CE%B9%CE%BB%CE%B9%CE%AD%CF%81%CE%B1-2000W-Inox.html,199199-0049,Μικροσυσκευές
First Austria FA-5344-3 Τοστιέρα Γκριλιέρα με Αποσπώμενες Πλάκες 2100W Λευκή,141.9,https://www.skroutz.gr/s/19501551/First-Austria-FA-5344-3-%CE%A4%CE%BF%CF%83%CF%84%CE%B9%CE%AD%CF%81%CE%B1-%CE%93%CE%BA%CF%81%CE%B9%CE%BB%CE%B9%CE%AD%CF%81%CE%B1-%CE%BC%CE%B5-%CE%91%CF%80%CE%BF%CF%83%CF%80%CF%8E%CE%BC%CE%B5%CE%BD%CE%B5%CF%82-%CE%A0%CE%BB%CE%AC%CE%BA%CE%B5%CF%82-2100W-%CE%9B%CE%B5%CF%85%CE%BA%CE%AE.html,199199-0038,Μικροσυσκευές
First Austria FA5045-4 Ηλεκτρικό Φουρνάκι 45lt με 2 Εστίες και Αέρα,170.9,https://www.skroutz.gr/s/10784956/First-Austria-FA5045-4-%CE%97%CE%BB%CE%B5%CE%BA%CF%84%CF%81%CE%B9%CE%BA%CF%8C-%CE%A6%CE%BF%CF%85%CF%81%CE%BD%CE%AC%CE%BA%CE%B9-45lt-%CE%BC%CE%B5-2-%CE%95%CF%83%CF%84%CE%AF%CE%B5%CF%82-%CE%BA%CE%B1%CE%B9-%CE%91%CE%AD%CF%81%CE%B1.html,199195-0005,Μικροσυσκευές
First Austria FA-5030-1,59.9,https://www.skroutz.gr/s/7748893/First-Austria-FA-5030-1.html,199201-0011,Μικροσυσκευές
First Austria FA-5464-4 Black,28.9,https://www.skroutz.gr/s/24220222/First-Austria-FA-5464-4-Black.html,199203-0023,Μικροσυσκευές
First Austria FA-5666-PI Pink 1200W,12.9,https://www.skroutz.gr/s/29440298/First-Austria-FA-5666-PI-Pink-1200W.html,199204-0068,Μικροσυσκευές
First Austria FA-5666-WI White 1200W,12.9,https://www.skroutz.gr/s/29440334/First-Austria-FA-5666-WI-White-1200W.html,199204-0069,Μικροσυσκευές
First Austria FA-6401-1 Blue,9.9,https://www.skroutz.gr/s/10856989/First-Austria-FA-6401-1-Blue.html,199212-0024,Μικροσυσκευές
First Austria FA-6401-1 Green,9.9,https://www.skroutz.gr/s/10856994/First-Austria-FA-6401-1-Green.html,199212-0025,Μικροσυσκευές
First Austria FA5096-1,36.9,https://www.skroutz.gr/s/442777/First-Austria-FA5096-1.html,199194-0011,Μικροσυσκευές
HP 12MC - 2806 55465,392.9,https://www.skroutz.gr/s/28820111/HP-12MC-2806-55465.html,113049-0008,Καταστροφείς
HP 12MC - 2814,472.9,https://www.skroutz.gr/s/28820346/HP-12MC-2814.html,113049-0012,Καταστροφείς
HP 16MC - 2808 55467,566.9,https://www.skroutz.gr/s/28820171/HP-16MC-2808-55467.html,113049-0010,Καταστροφείς
HP 18CC - 2805,367.9,https://www.skroutz.gr/s/28819991/HP-18CC-2805.html,113049-0007,Καταστροφείς
HP 18CC - 2813,449.5,https://www.skroutz.gr/s/28820269/HP-18CC-2813.html,113049-0011,Καταστροφείς
HP 24CC - 2815 349652,639.9,https://www.skroutz.gr/s/28820827/HP-24CC-2815.html,113049-0013,Καταστροφείς
HP 24CC – 2807 113049-0009,537.9,https://www.skroutz.gr/s/28817200/HP-24CC-2807-113049-0009.html,113049-0009,Καταστροφείς
HP 9122 Premium Φύλλα Πλαστικοποίησης με Τρύπες Αρχειοθέτησης για Α4 125mic 25τμχ,17.9,https://www.skroutz.gr/s/28858269/HP-9122-Premium-%CE%A6%CF%8D%CE%BB%CE%BB%CE%B1-%CE%A0%CE%BB%CE%B1%CF%83%CF%84%CE%B9%CE%BA%CE%BF%CF%80%CE%BF%CE%AF%CE%B7%CF%83%CE%B7%CF%82-%CE%BC%CE%B5-%CE%A4%CF%81%CF%8D%CF%80%CE%B5%CF%82-%CE%91%CF%81%CF%87%CE%B5%CE%B9%CE%BF%CE%B8%CE%AD%CF%84%CE%B7%CF%83%CE%B7%CF%82-%CE%B3%CE%B9%CE%B1-%CE%914-125mic-25%CF%84%CE%BC%CF%87.html,113049-0021,Καταστροφείς
HP 9123 Premium Φύλλα Πλαστικοποίησης για Α4 80mic 100τμχ,23.9,https://www.skroutz.gr/s/28858067/HP-9123-Premium-%CE%A6%CF%8D%CE%BB%CE%BB%CE%B1-%CE%A0%CE%BB%CE%B1%CF%83%CF%84%CE%B9%CE%BA%CE%BF%CF%80%CE%BF%CE%AF%CE%B7%CF%83%CE%B7%CF%82-%CE%B3%CE%B9%CE%B1-%CE%914-80mic-100%CF%84%CE%BC%CF%87.html,113049-0022,Καταστροφείς
HP 9124 Premium Φύλλα Πλαστικοποίησης για Α4 125mic 100τμχ,31.9,https://www.skroutz.gr/s/28857893/HP-9124-Premium-%CE%A6%CF%8D%CE%BB%CE%BB%CE%B1-%CE%A0%CE%BB%CE%B1%CF%83%CF%84%CE%B9%CE%BA%CE%BF%CF%80%CE%BF%CE%AF%CE%B7%CF%83%CE%B7%CF%82-%CE%B3%CE%B9%CE%B1-%CE%914-125mic-100%CF%84%CE%BC%CF%87.html,113049-0023,Καταστροφείς
HP 9126 Premium Φύλλα Πλαστικοποίησης για Α3 80mic 50τμχ,23.9,https://www.skroutz.gr/s/28857660/HP-9126-Premium-%CE%A6%CF%8D%CE%BB%CE%BB%CE%B1-%CE%A0%CE%BB%CE%B1%CF%83%CF%84%CE%B9%CE%BA%CE%BF%CF%80%CE%BF%CE%AF%CE%B7%CF%83%CE%B7%CF%82-%CE%B3%CE%B9%CE%B1-%CE%913-80mic-50%CF%84%CE%BC%CF%87.html,113049-0025,Καταστροφείς
HP 9128 Premium Φύλλα Πλαστικοποίησης για Α3 250mic 25τμχ,37.9,https://www.skroutz.gr/s/28857943/HP-9128-Premium-%CE%A6%CF%8D%CE%BB%CE%BB%CE%B1-%CE%A0%CE%BB%CE%B1%CF%83%CF%84%CE%B9%CE%BA%CE%BF%CF%80%CE%BF%CE%AF%CE%B7%CF%83%CE%B7%CF%82-%CE%B3%CE%B9%CE%B1-%CE%913-250mic-25%CF%84%CE%BC%CF%87.html,113049-0027,Καταστροφείς
HP Onelam 400,69.9,https://www.skroutz.gr/s/28834152/HP-Onelam-400.html,113049-0016,Πλαστικοποιητές
HP Onelam 400 A4,55.9,https://www.skroutz.gr/s/28834178/HP-Onelam-400-A4.html,113049-0015,Πλαστικοποιητές
HP OneShred 10MC Καταστροφέας Εγγράφων 346445,333.9,https://www.skroutz.gr/s/27159088/HP-OneShred-10MC-2804.html,113049-0004,Καταστροφείς
HP OneShred 12CC 2802 Καταστροφέας Εγγράφων 346379,189.9,https://www.skroutz.gr/s/27159195/HP-OneShred-12CC-2802-%CE%9A%CE%B1%CF%84%CE%B1%CF%83%CF%84%CF%81%CE%BF%CF%86%CE%AD%CE%B1%CF%82-%CE%95%CE%B3%CE%B3%CF%81%CE%AC%CF%86%CF%89%CE%BD-346379.html,113049-0002,Καταστροφείς
HP OneShred 15CC – 2803 Καταστροφέας Εγγράφων 346415,299.9,https://www.skroutz.gr/s/27159053/HP-OneShred-15CC-2803-%CE%9A%CE%B1%CF%84%CE%B1%CF%83%CF%84%CF%81%CE%BF%CF%86%CE%AD%CE%B1%CF%82-%CE%95%CE%B3%CE%B3%CF%81%CE%AC%CF%86%CF%89%CE%BD-346415.html,113049-0003,Καταστροφείς
HP OneShred 8CC Καταστροφέας Εγγράφων 346305,112.9,https://www.skroutz.gr/s/27159257/HP-OneShred-8CC-%CE%9A%CE%B1%CF%84%CE%B1%CF%83%CF%84%CF%81%CE%BF%CF%86%CE%AD%CE%B1%CF%82-%CE%95%CE%B3%CE%B3%CF%81%CE%AC%CF%86%CF%89%CE%BD-2801.html,113049-0001,Καταστροφείς
HP Premium Φύλλα Α3 125 Microns 50τμχ 9127,31.9,https://www.skroutz.gr/s/28857716/HP-Premium-%CE%A6%CF%8D%CE%BB%CE%BB%CE%B1-%CE%913-125-Microns-50%CF%84%CE%BC%CF%87-9127.html,113049-0026,Καταστροφείς
HP Premium Φύλλα Πλαστικοποίησης για Α4 250mic 50τμχ 9125,29.9,https://www.skroutz.gr/s/28857842/HP-Premium-%CE%A6%CF%8D%CE%BB%CE%BB%CE%B1-%CE%A0%CE%BB%CE%B1%CF%83%CF%84%CE%B9%CE%BA%CE%BF%CF%80%CE%BF%CE%AF%CE%B7%CF%83%CE%B7%CF%82-%CE%B3%CE%B9%CE%B1-%CE%914-250mic-50%CF%84%CE%BC%CF%87-9125.html,113049-0024,Καταστροφείς
HP Pro Laminator 600 A3,147.9,https://www.skroutz.gr/s/28834068/HP-Pro-Laminator-600-A3.html,113049-0019,Πλαστικοποιητές
HP Pro Laminator 600 A4,124.9,https://www.skroutz.gr/s/28833749/HP-Pro-Laminator-600-A4.html,113049-0018,Πλαστικοποιητές
HP Pro Shredder 16MC - 2816 113049-0014,663.9,https://www.skroutz.gr/s/28819303/HP-Pro-Shredder-16MC-2816-113049-0014.html,113049-0014,Καταστροφείς
HP ProShredder 10MC Επαγγελματικός Καταστροφέας Εγγράφων P5 346507,354.9,https://www.skroutz.gr/s/27159336/HP-ProShredder-10MC-%CE%95%CF%80%CE%B1%CE%B3%CE%B3%CE%B5%CE%BB%CE%BC%CE%B1%CF%84%CE%B9%CE%BA%CF%8C%CF%82-%CE%9A%CE%B1%CF%84%CE%B1%CF%83%CF%84%CF%81%CE%BF%CF%86%CE%AD%CE%B1%CF%82-%CE%95%CE%B3%CE%B3%CF%81%CE%AC%CF%86%CF%89%CE%BD-P5-346507.html,113049-0006,Καταστροφείς
HP ProShredder 15CC Καταστροφέας Εγγράφων 2811,324.9,https://www.skroutz.gr/s/27159279/HP-ProShredder-15CC-%CE%9A%CE%B1%CF%84%CE%B1%CF%83%CF%84%CF%81%CE%BF%CF%86%CE%AD%CE%B1%CF%82-%CE%95%CE%B3%CE%B3%CF%81%CE%AC%CF%86%CF%89%CE%BD-2811.html,113049-0005,Καταστροφείς
HP Πλαστικοποιητής Γραφείου A3 με Ενσωματωμένο Χάρακα,82.9,https://www.skroutz.gr/s/28833941/HP-%CE%A0%CE%BB%CE%B1%CF%83%CF%84%CE%B9%CE%BA%CE%BF%CF%80%CE%BF%CE%B9%CE%B7%CF%84%CE%AE%CF%82-%CE%93%CF%81%CE%B1%CF%86%CE%B5%CE%AF%CE%BF%CF%85-A3-%CE%BC%CE%B5-%CE%95%CE%BD%CF%83%CF%89%CE%BC%CE%B1%CF%84%CF%89%CE%BC%CE%AD%CE%BD%CE%BF-%CE%A7%CE%AC%CF%81%CE%B1%CE%BA%CE%B1.html,113049-0017,Πλαστικοποιητές
Akai ABTS-112,289,https://www.skroutz.gr/s/21181837/Akai-ABTS-112.html,110582-0079,Ηχεία
Akai ABTS-11B Ηχείο Bluetooth 10W με Ραδιόφωνο,34.9,https://www.skroutz.gr/s/10714792/Akai-ABTS-11B-%CE%97%CF%87%CE%B5%CE%AF%CE%BF-Bluetooth-10W-%CE%BC%CE%B5-%CE%A1%CE%B1%CE%B4%CE%B9%CF%8C%CF%86%CF%89%CE%BD%CE%BF.html,110582-0011,Ηχεία
Akai ABTS-12C,24.9,https://www.skroutz.gr/s/13443009/Akai-ABTS-12C.html,110582-0007,Ηχεία
Akai ABTS-50,69.9,https://www.skroutz.gr/s/20969288/Akai-ABTS-50.html,110582-0080,Ηχεία
Akai ABTS-55 Black,79.9,https://www.skroutz.gr/s/28477458/Akai-ABTS-55-Black.html,110582-0101,Ηχεία
Akai ABTS-808L,79.9,https://www.skroutz.gr/s/13461593/Akai-ABTS-808L.html,110582-0008,Ηχεία
Akai ACR-2993,34.9,https://www.skroutz.gr/s/13226226/Akai-ACR-2993.html,1105221-0002,Ξυπνητήρια
Akai AESP-312,189.9,https://www.skroutz.gr/s/26290923/Akai-Aesp-312-%CE%A6%CE%BF%CF%81%CE%B7%CF%84%CE%AE-%CE%9C%CE%B7%CF%87%CE%B1%CE%BD%CE%AE-Espresso-75W.html,1105203-0001,Ηχεία
Akai APR-11 Black,34.9,https://www.skroutz.gr/s/11504312/Akai-APR-11-Black.html,110583-0003,Ραδιόφωνα
Akai APR-11 Red,34.9,https://www.skroutz.gr/s/23705385/Akai-APR-11-Red.html,110583-0004,Ραδιόφωνα
Akai APR-2418,29.9,https://www.skroutz.gr/s/7971250/Akai-APR-2418.html,14883-2418,Ραδιόφωνα
Akai APR-350 Black,14.9,https://www.skroutz.gr/s/24386506/Akai-APR-350-Black.html,110582-0090,Ραδιόφωνα
Akai ASB-29 Soundbar 100W 2.0 με Τηλεχειριστήριο Μαύρο,139.9,https://www.skroutz.gr/s/31995157/Akai-ASB-29-Soundbar-100W-2-0-%CE%BC%CE%B5-%CE%A4%CE%B7%CE%BB%CE%B5%CF%87%CE%B5%CE%B9%CF%81%CE%B9%CF%83%CF%84%CE%AE%CF%81%CE%B9%CE%BF-%CE%9C%CE%B1%CF%8D%CF%81%CE%BF.html,110582-0103,Ηχεία
Akai ASB-5L,69.9,https://www.skroutz.gr/s/22479369/Akai-ASB-5L.html,110582-0082,Ηχεία
Akai ASB-6WSW,149.9,https://www.skroutz.gr/s/22479326/Akai-ASB-6WSW.html,110582-0083,Ηχεία
Akai ASB-7WSW Soundbar 120W 2.1 με Ασύρματο Subwoofer και Τηλεχειριστήριο Μαύρο,199.9,https://www.skroutz.gr/s/31994825/Akai-ASB-7WSW-Soundbar-120W-2-1-%CE%BC%CE%B5-%CE%91%CF%83%CF%8D%CF%81%CE%BC%CE%B1%CF%84%CE%BF-Subwoofer-%CE%BA%CE%B1%CE%B9-%CE%A4%CE%B7%CE%BB%CE%B5%CF%87%CE%B5%CE%B9%CF%81%CE%B9%CF%83%CF%84%CE%AE%CF%81%CE%B9%CE%BF-%CE%9C%CE%B1%CF%8D%CF%81%CE%BF.html,110582-0104,Ηχεία
Akai ATT-11BT Wood,109.9,https://www.skroutz.gr/s/22452993/Akai-ATT-11BT-Wood.html,110584-0004,Πικάπ
Akai ATT-E10 Pick-up,89.9,https://www.skroutz.gr/s/18192710/Akai-ATT-E10-Pick-up.html,14884-3010,Πικάπ
Akai AWBR-305 Black,23.9,https://www.skroutz.gr/s/9192624/Akai-AWBR-305-Black.html,110583-0305,Ραδιόφωνα
Akai AWBR-305 White,23.9,https://www.skroutz.gr/s/23704406/Akai-AWBR-305-White.html,110583-0306,Ραδιόφωνα
Akai BM004A-614,49.9,https://www.skroutz.gr/s/7924856/Akai-BM004A-614.html,14883-0614,Ηχοσυστήματα
Akai CEU7300-BT,49.9,https://www.skroutz.gr/s/10721542/Akai-CEU7300-BT.html,110582-7300,Ηχεία
Akai CR002A-219,19.9,https://www.skroutz.gr/s/7952282/Akai-CR002A-219.html,14883-0219,Ξυπνητήρια
Akai DJ-BY4L,399,https://www.skroutz.gr/s/23669203/Akai-DJ-BY4L.html,110582-0087,Ηχεία
Akai DJ-S5H,469,https://www.skroutz.gr/s/14310186/Akai-DJ-S5H.html,110582-0020,Ηχεία
Akai DJ-Y5L,490,https://www.skroutz.gr/s/23669167/Akai-DJ-Y5L.html,110582-0086,Ηχεία
Akai FMT-66B Κόκκινο,29.9,https://www.skroutz.gr/s/8913659/Akai-FMT-66B-%CE%9A%CF%8C%CE%BA%CE%BA%CE%B9%CE%BD%CE%BF.html,110585-0001,FM Transmitters
Akai FMT-66B Μπλε,29.9,https://www.skroutz.gr/s/19633797/Akai-FMT-66B-%CE%9C%CF%80%CE%BB%CE%B5.html,110585-0001,FM Transmitters
Akai FMT-C57BT,24.9,https://www.skroutz.gr/s/18640427/Akai-FMT-C57BT.html,110585-0009,FM Transmitters
Akai M5-Thunder,149.9,https://www.skroutz.gr/s/26241598/Akai-M5-Thunder-110582-0093.html,110582-0093,Ηχεία
Akai PR006A-471U Black,39.9,https://www.skroutz.gr/s/7934454/Akai-PR006A-471U-Black.html,14883-0471,Ραδιόφωνα
Akai SS022A-X6,119.9,https://www.skroutz.gr/s/6468462/Akai-SS022A-X6.html,14882-0226,Ηχεία
Akai SS023A-X10,199.9,https://www.skroutz.gr/s/7810569/Akai-SS023A-X10.html,14882-0231,Ηχεία
Akai Ηχείο με λειτουργία Karaoke DJ-880 σε Μαύρο Χρώμα,209.9,https://www.skroutz.gr/s/27222901/Akai-%CE%97%CF%87%CE%B5%CE%AF%CE%BF-%CE%BC%CE%B5-%CE%BB%CE%B5%CE%B9%CF%84%CE%BF%CF%85%CF%81%CE%B3%CE%AF%CE%B1-Karaoke-DJ-880-%CF%83%CE%B5-%CE%9C%CE%B1%CF%8D%CF%81%CE%BF-%CE%A7%CF%81%CF%8E%CE%BC%CE%B1.html,110582-0097,Ηχεία
Akai Ηχοσύστημα 2.1 SS032A-3515 38W με Digital Media Player Μαύρο,59.9,https://www.skroutz.gr/s/23657964/Akai-%CE%97%CF%87%CE%BF%CF%83%CF%8D%CF%83%CF%84%CE%B7%CE%BC%CE%B1-2-1-SS032A-3515-38W-%CE%BC%CE%B5-Digital-Media-Player-%CE%9C%CE%B1%CF%8D%CF%81%CE%BF.html,110582-0089,Ηχοσυστήματα
Akai Ψηφιακό Ρολόι Επιτραπέζιο με Ξυπνητήρι Μαύρο ABTS-C5,26.9,https://www.skroutz.gr/s/30554220/Akai-%CE%A8%CE%B7%CF%86%CE%B9%CE%B1%CE%BA%CF%8C-%CE%A1%CE%BF%CE%BB%CF%8C%CE%B9-%CE%95%CF%80%CE%B9%CF%84%CF%81%CE%B1%CF%80%CE%AD%CE%B6%CE%B9%CE%BF-%CE%BC%CE%B5-%CE%9E%CF%85%CF%80%CE%BD%CE%B7%CF%84%CE%AE%CF%81%CE%B9-%CE%9C%CE%B1%CF%8D%CF%81%CE%BF-ABTS-C5.html,1105221-0009,Ξυπνητήρια
First Austria FA-5046-1,139.9,https://www.skroutz.gr/s/8130267/First-Austria-FA-5046-1.html,199195-0007,Μικροσυσκευές
First Austria FA-5053-3 Φριτέζα Αέρος με Αποσπώμενο Κάδο 3.5lt,119.9,https://www.skroutz.gr/s/31633347/First-Austria-FA-5053-3-%CE%A6%CF%81%CE%B9%CF%84%CE%AD%CE%B6%CE%B1-%CE%91%CE%AD%CF%81%CE%BF%CF%82-%CE%BC%CE%B5-%CE%91%CF%80%CE%BF%CF%83%CF%80%CF%8E%CE%BC%CE%B5%CE%BD%CE%BF-%CE%9A%CE%AC%CE%B4%CE%BF-3-5lt.html?from=catspan,199222-0008,Μικροσυσκευές
First Austria FA-5096-5,36.9,https://www.skroutz.gr/s/7186526/First-Austria-FA-5096-5.html,199194-0008,Μικροσυσκευές
First Austria FA-5172,229.9,https://www.skroutz.gr/s/29800708/First-Austria-FA-5172.html,1109215-0011,Μικροσυσκευές
First Austria FA-5259-6,79.9,https://www.skroutz.gr/s/20837903/First-Austria-FA-5259-6.html,199196-0055,Μικροσυσκευές
First Austria FA-5343-1 Τοστιέρα για 2 Τοστ 700W,24.9,https://www.skroutz.gr/s/5052525/First-Austria-FA-5343-1-%CE%A4%CE%BF%CF%83%CF%84%CE%B9%CE%AD%CF%81%CE%B1-%CE%B3%CE%B9%CE%B1-2-%CE%A4%CE%BF%CF%83%CF%84-700W.html,199199-0004,Μικροσυσκευές
First Austria FA-5450-3,29.9,https://www.skroutz.gr/s/22920775/First-Austria-FA-5450-3.html,199202-0031,Μικροσυσκευές
First Austria FA-5453-3 Black,14.9,https://www.skroutz.gr/s/24220255/First-Austria-FA-5453-3-Black.html,199203-0020,Μικροσυσκευές
First Austria FA-5453-4,19.9,https://www.skroutz.gr/s/24259084/First-Austria-FA-5453-4.html,199203-0021,Μικροσυσκευές
First Austria FA-5464-2 Black,24.9,https://www.skroutz.gr/s/15252168/First-Austria-FA-5464-2-Black.html,199203-0018,Μικροσυσκευές
First Austria FA-5530-1 Αποχνουδωτής Ροζ,8.9,https://www.skroutz.gr/s/26335519/First-Austria-FA-5530-1-%CE%91%CF%80%CE%BF%CF%87%CE%BD%CE%BF%CF%85%CE%B4%CF%89%CF%84%CE%AE%CF%82-%CE%A1%CE%BF%CE%B6.html,199236-0003,Μικροσυσκευές
First Austria FA-5530-4-CR,12.9,https://www.skroutz.gr/s/26335560/First-Austria-FA-5530-4-CR.html,199236-0004,Μικροσυσκευές
First Austria FA-5530-4-PU,12.9,https://www.skroutz.gr/s/26335615/First-Austria-FA-5530-4-PU.html,199236-0005,Μικροσυσκευές
First Austria FA-5530-5-CR,12.9,https://www.skroutz.gr/s/26335596/First-Austria-FA-5530-5-CR.html,199236-0006,Μικροσυσκευές
First Austria FA-5530-5-PU,12.9,https://www.skroutz.gr/s/26350348/First-Austria-FA-5530-5-PU.html,199236-0007,Μικροσυσκευές
First Austria FA-5565-1 Κεραμικό Αερόθερμο Δαπέδου 2000W,79.9,https://www.skroutz.gr/s/21205910/First-Austria-FA-5565-1-%CE%9A%CE%B5%CF%81%CE%B1%CE%BC%CE%B9%CE%BA%CF%8C-%CE%91%CE%B5%CF%81%CF%8C%CE%B8%CE%B5%CF%81%CE%BC%CE%BF-%CE%94%CE%B1%CF%80%CE%AD%CE%B4%CE%BF%CF%85-2000W.html,199214-0008,Μικροσυσκευές
First Austria FA-5633-4,34.9,https://www.skroutz.gr/s/24678936/First-Austria-FA-5633-4.html,199205-0021,Μικροσυσκευές
First Austria FA-5676-5,19.9,https://www.skroutz.gr/s/27176038/First-Austria-FA-5676-5.html,199204-0066,Μικροσυσκευές
First Austria FA-5700-2,59.9,https://www.skroutz.gr/s/22139319/First-Austria-FA-5700-2.html,199236-0001,Μικροσυσκευές
First Austria FA-6400 Black,12.9,https://www.skroutz.gr/s/433963/First-Austria-FA-6400-Black.html,199212-0032,Μικροσυσκευές
First Austria FA-6400 White,12.9,https://www.skroutz.gr/s/21703308/First-Austria-FA-6400-White.html,199212-0033,Μικροσυσκευές
First Austria FA-6401-1 White,9.9,https://www.skroutz.gr/s/10856990/First-Austria-FA-6401-1-White.html,199212-0026,Μικροσυσκευές
First Austria FA5476-1,89.9,https://www.skroutz.gr/s/2270797/First-Austria-FA5476-1.html,199203-0002,Μικροσυσκευές
First Austria FA6410,14.9,https://www.skroutz.gr/s/5501420/First-Austria-FA6410.html,199212-0017,Μικροσυσκευές
First Austria Βραστήρας 2200W 1.2lt FA-5407-3-BU,29.9,https://www.skroutz.gr/s/25591700/First-Austria-%CE%92%CF%81%CE%B1%CF%83%CF%84%CE%AE%CF%81%CE%B1%CF%82-2200W-1-2lt-FA-5407-3-BU.html,199202-0035,Μικροσυσκευές
First Austria Βραστήρας 2200W 1.2lt FA-5407-3-CR,29.9,https://www.skroutz.gr/s/25591754/First-Austria-%CE%92%CF%81%CE%B1%CF%83%CF%84%CE%AE%CF%81%CE%B1%CF%82-2200W-1-2lt-FA-5407-3-CR.html,199202-0034,Μικροσυσκευές
First Austria Βραστήρας 2200W 1.2lt FA-5407-3-GN,29.9,https://www.skroutz.gr/s/25591645/First-Austria-%CE%92%CF%81%CE%B1%CF%83%CF%84%CE%AE%CF%81%CE%B1%CF%82-2200W-1-2lt-FA-5407-3-GN.html,199202-0036,Μικροσυσκευές
First Austria Βραστήρας 2200W 1.5lt FA-5405-5,49.9,https://www.skroutz.gr/s/17977912/First-Austria-%CE%92%CF%81%CE%B1%CF%83%CF%84%CE%AE%CF%81%CE%B1%CF%82-2200W-1-5lt-FA-5405-5.html,199202-0029,Μικροσυσκευές
First Austria Επαναφορτιζόμενη Κουρευτική Μηχανή FA-5676-7,28.9,https://www.skroutz.gr/s/26329115/First-Austria-%CE%95%CF%80%CE%B1%CE%BD%CE%B1%CF%86%CE%BF%CF%81%CF%84%CE%B9%CE%B6%CF%8C%CE%BC%CE%B5%CE%BD%CE%B7-%CE%9A%CE%BF%CF%85%CF%81%CE%B5%CF%85%CF%84%CE%B9%CE%BA%CE%AE-%CE%9C%CE%B7%CF%87%CE%B1%CE%BD%CE%AE-FA-5676-7.html,199204-0062,Μικροσυσκευές
First Austria Επαναφορτιζόμενη Κουρευτική Μηχανή FA-5676-8,28.9,https://www.skroutz.gr/s/26329142/First-Austria-%CE%95%CF%80%CE%B1%CE%BD%CE%B1%CF%86%CE%BF%CF%81%CF%84%CE%B9%CE%B6%CF%8C%CE%BC%CE%B5%CE%BD%CE%B7-%CE%9A%CE%BF%CF%85%CF%81%CE%B5%CF%85%CF%84%CE%B9%CE%BA%CE%AE-%CE%9C%CE%B7%CF%87%CE%B1%CE%BD%CE%AE-FA-5676-8.html,199204-0063,Μικροσυσκευές
First Austria Πιστολάκι Μαλλιών 2000W FA-5654-9-SI,19.9,https://www.skroutz.gr/s/31059810/First-Austria-%CE%A0%CE%B9%CF%83%CF%84%CE%BF%CE%BB%CE%AC%CE%BA%CE%B9-%CE%9C%CE%B1%CE%BB%CE%BB%CE%B9%CF%8E%CE%BD-2000W-FA-5654-9-SI.html,199204-0078,Μικροσυσκευές
Geyser 2AA25,119,https://www.skroutz.gr/s/26204673/Geyser-2AA25.html,10068-0006,Μικροσυσκευές
Geyser 2AC25N,129,https://www.skroutz.gr/s/23594801/Geyser-2AC25N.html,10068-0004,Ταχυθερμαντήρες
Geyser 2AC25N,6.9,https://www.skroutz.gr/s/7340996/Heitech-Universal-4-in-1-%CE%B3%CE%B9%CE%B1-Universal.html,19706-0001,Τηλεχειριστήρια
Motorola C601 Λευκό,31.9,https://www.skroutz.gr/s/21213197/Motorola-C601-%CE%9B%CE%B5%CF%85%CE%BA%CF%8C.html,14587-8603,Τηλ. Ασύρματα
Motorola C601 Μαύρο,31.9,https://www.skroutz.gr/s/391489/Motorola-C601-%CE%9C%CE%B1%CF%8D%CF%81%CE%BF.html,14587-8601,Τηλ. Ασύρματα
Motorola Combo C4201,69.9,https://www.skroutz.gr/s/7069045/Motorola-Combo-C4201.html,14587-9227,Τηλ. Ενσύρματα
Motorola CT2 Λευκό,32.9,https://www.skroutz.gr/s/22022701/Motorola-CT2-%CE%9B%CE%B5%CF%85%CE%BA%CF%8C.html,14587-9242,Τηλ. Ενσύρματα
Motorola CT2 Μαύρο,32.9,https://www.skroutz.gr/s/2133149/Motorola-CT2-%CE%9C%CE%B1%CF%8D%CF%81%CE%BF.html,14587-9214,Τηλ. Ενσύρματα
Motorola CT202 Λευκό,29.9,https://www.skroutz.gr/s/22022714/Motorola-CT202-%CE%9B%CE%B5%CF%85%CE%BA%CF%8C.html,14587-9274,Τηλ. Ενσύρματα
Motorola CT202 Μαύρο,29.9,https://www.skroutz.gr/s/4066805/Motorola-CT202-%CE%9C%CE%B1%CF%8D%CF%81%CE%BF.html,14587-9215,Τηλ. Ενσύρματα
Motorola CT50 Λευκό,17.9,https://www.skroutz.gr/s/22022757/Motorola-CT50-%CE%9B%CE%B5%CF%85%CE%BA%CF%8C.html,14587-0104,Τηλ. Ενσύρματα
Motorola CT50 Μαύρο,17.9,https://www.skroutz.gr/s/19073758/Motorola-CT50-%CE%9C%CE%B1%CF%8D%CF%81%CE%BF.html,14587-0105,Τηλ. Ενσύρματα
Motorola CT510,34.9,https://www.skroutz.gr/s/21503772/Motorola-CT510.html,14587-0106,Τηλ. Ενσύρματα
Motorola IT.5.1TX Λευκό,64.9,https://www.skroutz.gr/s/14087260/Motorola-IT-5-1TX-%CE%9B%CE%B5%CF%85%CE%BA%CF%8C.html,14587-9275,Τηλ. Ασύρματα
Motorola IT.5.1TX Μαύρο,64.9,https://www.skroutz.gr/s/23560165/Motorola-IT-5-1TX-%CE%9C%CE%B1%CF%8D%CF%81%CE%BF.html,14587-9270,Τηλ. Ασύρματα
Motorola IT.6.1.XC,89.9,https://www.skroutz.gr/s/8525614/Motorola-IT-6-1-XC.html,14587-9255,Τηλ. Ασύρματα
Motorola O201,94.9,https://www.skroutz.gr/s/7865522/Motorola-O201.html,14587-9267,Τηλ. Ασύρματα
Motorola S3001 Λευκό,36.9,https://www.skroutz.gr/s/21213313/Motorola-S3001-%CE%9B%CE%B5%CF%85%CE%BA%CF%8C.html,14587-9273,Τηλ. Ασύρματα
Motorola S3001 Μαύρο,36.9,https://www.skroutz.gr/s/5729324/Motorola-S3001-%CE%9C%CE%B1%CF%8D%CF%81%CE%BF.html,14587-9224,Τηλ. Ασύρματα
Motorola S3011,49.9,https://www.skroutz.gr/s/4316556/Motorola-S3011.html,14587-0119,Τηλ. Ασύρματα
Motorola T301 Cherry,33.9,https://www.skroutz.gr/s/21212692/Motorola-T301-Cherry.html,14587-9247,Τηλ. Ασύρματα
Motorola T301 Lime Lemon,33.9,https://www.skroutz.gr/s/21212659/Motorola-T301-Lime-Lemon.html,14587-9246,Τηλ. Ασύρματα
Motorola T301 Λευκό,33.9,https://www.skroutz.gr/s/21212526/Motorola-T301-%CE%9B%CE%B5%CF%85%CE%BA%CF%8C.html,14587-9241,Τηλ. Ασύρματα
Motorola T301 Μαύρο,33.9,https://www.skroutz.gr/s/7822338/Motorola-T301-%CE%9C%CE%B1%CF%8D%CF%81%CE%BF.html,14587-9237,Τηλ. Ασύρματα
Motorola T301 Μπλε,33.9,https://www.skroutz.gr/s/21212750/Motorola-T301-%CE%9C%CF%80%CE%BB%CE%B5.html,14587-9249,Τηλ. Ασύρματα
Motorola T301 Τιρκουάζ,33.9,https://www.skroutz.gr/s/21212782/Motorola-T301-%CE%A4%CE%B9%CF%81%CE%BA%CE%BF%CF%85%CE%AC%CE%B6.html,14587-9245,Τηλ. Ασύρματα
Motorola T302,59.9,https://www.skroutz.gr/s/8861168/Motorola-T302.html,14587-9236,Τηλ. Ασύρματα
Motorola T303 Μαύρο,76.9,https://www.skroutz.gr/s/10174913/Motorola-T303-Μαύρο.html,14587-9258,Τηλ. Ασύρματα
Motorola T401+ Ασύρματο Τηλέφωνο με Aνοιχτή Aκρόαση,29.9,https://www.skroutz.gr/s/22191097/Motorola-T401-%CE%91%CF%83%CF%8D%CF%81%CE%BC%CE%B1%CF%84%CE%BF-%CE%A4%CE%B7%CE%BB%CE%AD%CF%86%CF%89%CE%BD%CE%BF-%CE%BC%CE%B5-A%CE%BD%CE%BF%CE%B9%CF%87%CF%84%CE%AE-A%CE%BA%CF%81%CF%8C%CE%B1%CF%83%CE%B7.html,14587-0112,Τηλ. Ασύρματα
Motorola T401+ Ασύρματο Τηλέφωνο με ανοιχτή ακρόαση Μαύρο,29.9,https://www.skroutz.gr/s/22191111/Motorola-T401-%CE%91%CF%83%CF%8D%CF%81%CE%BC%CE%B1%CF%84%CE%BF-%CE%A4%CE%B7%CE%BB%CE%AD%CF%86%CF%89%CE%BD%CE%BF-%CE%BC%CE%B5-%CE%B1%CE%BD%CE%BF%CE%B9%CF%87%CF%84%CE%AE-%CE%B1%CE%BA%CF%81%CF%8C%CE%B1%CF%83%CE%B7-%CE%9C%CE%B1%CF%8D%CF%81%CE%BF.html,14587-0109,Τηλ. Ασύρματα
Motorola Σύστημα Karaoke με Ενσύρματα Μικρόφωνα Sonic Maxx 820 σε Μαύρο Χρώμα,299,https://www.skroutz.gr/s/24825059/Motorola-%CE%A3%CF%8D%CF%83%CF%84%CE%B7%CE%BC%CE%B1-Karaoke-%CE%BC%CE%B5-%CE%95%CE%BD%CF%83%CF%8D%CF%81%CE%BC%CE%B1%CF%84%CE%B1-%CE%9C%CE%B9%CE%BA%CF%81%CF%8C%CF%86%CF%89%CE%BD%CE%B1-Sonic-Maxx-820-%CF%83%CE%B5-%CE%9C%CE%B1%CF%8D%CF%81%CE%BF-%CE%A7%CF%81%CF%8E%CE%BC%CE%B1.html,145300-0029,Ηχεία
Olympia 4500 Ενσύρματο Τηλέφωνο Μαύρο,34.9,https://www.skroutz.gr/s/27828123/Olympia-4500-%CE%95%CE%BD%CF%83%CF%8D%CF%81%CE%BC%CE%B1%CF%84%CE%BF-%CE%A4%CE%B7%CE%BB%CE%AD%CF%86%CF%89%CE%BD%CE%BF-%CE%9C%CE%B1%CF%8D%CF%81%CE%BF.html,110687-0024,Τηλ. Ενσύρματα
Olympia 4520 Ενσύρματο Τηλέφωνο Μαύρο,46.9,https://www.skroutz.gr/s/27828087/Olympia-4520-%CE%95%CE%BD%CF%83%CF%8D%CF%81%CE%BC%CE%B1%CF%84%CE%BF-%CE%A4%CE%B7%CE%BB%CE%AD%CF%86%CF%89%CE%BD%CE%BF-%CE%9C%CE%B1%CF%8D%CF%81%CE%BF.html,110687-0025,Τηλ. Ενσύρματα
Osio 5m 3x1.5mm² Λευκό,15.5,https://www.skroutz.gr/s/27593287/Osio-OPS-1505-5m-3x1-5mm-%CE%9B%CE%B5%CF%85%CE%BA%CF%8C.html,151100-0007,Καλώδια
Osio ACO-4369UR,27.9,https://www.skroutz.gr/s/17828789/Osio-ACO-4369UR.html,112216-0006,Ηχοσυστήματα Αυτ.
Osio ACO-4518UBT,39.9,https://www.skroutz.gr/s/17372736/Osio-ACO-4518UBT.html,112216-0004,Ηχοσυστήματα Αυτ.
Osio Display OSW-4650 Λευκό,13.9,https://www.skroutz.gr/s/7279339/Osio-Display-OSW-4650-%CE%9B%CE%B5%CF%85%CE%BA%CF%8C.html,110087-0004,Τηλ. Ενσύρματα
Osio Display OSW-4650 Μαύρο,13.9,https://www.skroutz.gr/s/22023108/Osio-Display-OSW-4650-%CE%9C%CE%B1%CF%8D%CF%81%CE%BF.html,110087-0003,Τηλ. Ενσύρματα
Osio OGB-2437,29.9,https://www.skroutz.gr/s/24857647/Osio-OGB-2437.html,1120199-0001,Μικροσυσκευές
Osio OHF-2010L,35.9,https://www.skroutz.gr/s/23882232/Osio-OHF-2010L.html,10068-0002,Μικροσυσκευές
Osio OHF-2020D,43.9,https://www.skroutz.gr/s/23882129/Osio-OHF-2020D.html,10068-0003,Μικροσυσκευές
Osio OHF-2030D,59.9,https://www.skroutz.gr/s/27224565/Osio-OHF-2030D.html,10068-0008,Ταχυθερμαντήρες
Osio OHP-2218,29.9,https://www.skroutz.gr/s/29748581/Osio-OHP-2218.html,1120194-0003,Μικροσυσκευές
Osio OHP-2410,12.9,https://www.skroutz.gr/s/24116504/Osio-OHP-2410.html,1120194-0001,Μικροσυσκευές
Osio OHP-2418,19.9,https://www.skroutz.gr/s/24097874/Osio-OHP-2418.html,1120194-0002,Μικροσυσκευές
Osio OMC-2217 CHB,22.9,https://www.skroutz.gr/s/7225313/Osio-OMC-2217-CHB.html,1103206-0009,Μικροσυσκευές
Osio OMC-2312R (Red),20.9,https://www.skroutz.gr/s/13869703/Osio-OMC-2312R-Red.html,1103206-0002,Μικροσυσκευές
Osio OMC-2312W (White),20.9,https://www.skroutz.gr/s/6509728/Osio-OMC-2312W-White.html,1103206-0001,Μικροσυσκευές
Osio OMI-2215 BIB,17.9,https://www.skroutz.gr/s/15539018/Osio-OMI-2215-BIB.html,1103206-0004,Μικροσυσκευές
Osio OMI-2215 WhG,17.9,https://www.skroutz.gr/s/7141482/Osio-OMI-2215-WhG.html,1103206-0005,Μικροσυσκευές
Osio OSB-2535WH Χρηματοκιβώτιο με ηλεκτρονική κλειδαριά 35 x 25 x 25 cm,69.9,https://www.skroutz.gr/s/30248346/%CE%A7%CF%81%CE%B7%CE%BC%CE%B1%CF%84%CE%BF%CE%BA%CE%B9%CE%B2%CF%8E%CF%84%CE%B9%CE%BF-OSB-2535WH.html,100452-0011,Χρηματοκιβώτια
Osio OSD-8910 Λευκό,26.9,https://www.skroutz.gr/s/24933719/Osio-OSD-8910-%CE%9B%CE%B5%CF%85%CE%BA%CF%8C.html,14587-0108,Τηλ. Ασύρματα
Osio OSD-8910 Μαύρο,26.9,https://www.skroutz.gr/s/24933775/Osio-OSD-8910-%CE%9C%CE%B1%CF%8D%CF%81%CE%BF.html,14587-0107,Τηλ. Ασύρματα
Osio Osio OCP-2502BR,18.9,https://www.skroutz.gr/s/25385659/Osio-Osio-OCP-2502BR.html,1103206-0032,Μικροσυσκευές
Osio OSMA-9040 Ηλεκτρικά ρυθμιζόμενο σε ύψος γραφείο – τραπέζι για καναπέ – κρεβάτι με ρόδες,239,https://www.skroutz.gr/s/30265154/Osio-OSMA-9040-%CE%97%CE%BB%CE%B5%CE%BA%CF%84%CF%81%CE%B9%CE%BA%CE%AC-%CF%81%CF%85%CE%B8%CE%BC%CE%B9%CE%B6%CF%8C%CE%BC%CE%B5%CE%BD%CE%BF-%CF%83%CE%B5-%CF%8D%CF%88%CE%BF%CF%82-%CE%B3%CF%81%CE%B1%CF%86%CE%B5%CE%AF%CE%BF-%CF%84%CF%81%CE%B1%CF%80%CE%AD%CE%B6%CE%B9-%CE%B3%CE%B9%CE%B1-%CE%BA%CE%B1%CE%BD%CE%B1%CF%80%CE%AD-%CE%BA%CF%81%CE%B5%CE%B2%CE%AC%CF%84%CE%B9-%CE%BC%CE%B5-%CF%81%CF%8C%CE%B4%CE%B5%CF%82.html,185304-7040,Έπιπλα
Osio OSMA-9211 Αθόρυβο Ποδήλατο Γραφείου και Καρέκλα,399,https://www.skroutz.gr/s/30022443/Osio-OSMA-9211-%CE%91%CE%B8%CF%8C%CF%81%CF%85%CE%B2%CE%BF-%CE%A0%CE%BF%CE%B4%CE%AE%CE%BB%CE%B1%CF%84%CE%BF-%CE%93%CF%81%CE%B1%CF%86%CE%B5%CE%AF%CE%BF%CF%85-%CE%BA%CE%B1%CE%B9-%CE%9A%CE%B1%CF%81%CE%AD%CE%BA%CE%BB%CE%B1.html,185304-9211,Έπιπλα
Osio OST-2651MD,24.9,https://www.skroutz.gr/s/21295294/Osio-OST-2651MD.html,112080-0003,Αποκωδικοποιητές
Osio OST-2655D,24.9,https://www.skroutz.gr/s/18243425/Osio-OST-2655D.html,112080-0002,Αποκωδικοποιητές
Osio OST-5001-SA (για τηλεοράσεις Samsung),6.9,https://www.skroutz.gr/s/19303043/Osio-OST-5001-SA-%CE%B3%CE%B9%CE%B1-%CF%84%CE%B7%CE%BB%CE%B5%CE%BF%CF%81%CE%AC%CF%83%CE%B5%CE%B9%CF%82-Samsung.html,10089-0018,Τηλεχειριστήρια
Osio OST-5002-LG (για τηλεοράσεις LG),6.9,https://www.skroutz.gr/s/19303037/Osio-OST-5002-LG-%CE%B3%CE%B9%CE%B1-%CF%84%CE%B7%CE%BB%CE%B5%CE%BF%CF%81%CE%AC%CF%83%CE%B5%CE%B9%CF%82-LG.html,10089-0019,Τηλεχειριστήρια
Osio OST-5003-SO (για τηλεοράσεις Sony),6.9,https://www.skroutz.gr/s/19317402/Osio-OST-5003-SO-%CE%B3%CE%B9%CE%B1-%CF%84%CE%B7%CE%BB%CE%B5%CE%BF%CF%81%CE%AC%CF%83%CE%B5%CE%B9%CF%82-Sony.html,10089-0020,Τηλεχειριστήρια
Osio OST-5004-PH (για τηλεοράσεις Philips),6.9,https://www.skroutz.gr/s/19302836/Osio-OST-5004-PH-%CE%B3%CE%B9%CE%B1-%CF%84%CE%B7%CE%BB%CE%B5%CE%BF%CF%81%CE%AC%CF%83%CE%B5%CE%B9%CF%82-Philips.html,10089-0021,Τηλεχειριστήρια
Osio OST-5005-PA (για τηλεοράσεις Panasonic),6.9,https://www.skroutz.gr/s/19302827/Osio-OST-5005-PA-%CE%B3%CE%B9%CE%B1-%CF%84%CE%B7%CE%BB%CE%B5%CE%BF%CF%81%CE%AC%CF%83%CE%B5%CE%B9%CF%82-Panasonic.html,10089-0022,Τηλεχειριστήρια
Osio OST-5006-TR (για τηλεοράσεις Beko / Osio / Telefunken / Vestel),6.9,https://www.skroutz.gr/s/29543185/Osio-OST-5006-TR-%CE%B3%CE%B9%CE%B1-%CF%84%CE%B7%CE%BB%CE%B5%CE%BF%CF%81%CE%AC%CF%83%CE%B5%CE%B9%CF%82-Beko-Osio-Telefunken-Vestel.html,10089-0026,Τηλεχειριστήρια
Osio OST-5020-6A (για τηλεοράσεις LG / Panasonic / Philips / Samsung / Sony / Telefunken),6.9,https://www.skroutz.gr/s/29543214/Osio-OST-5020-6A-%CE%B3%CE%B9%CE%B1-%CF%84%CE%B7%CE%BB%CE%B5%CE%BF%CF%81%CE%AC%CF%83%CE%B5%CE%B9%CF%82-LG-Panasonic-Philips-Samsung-Sony-Telefunken.html,10089-0027,Τηλεχειριστήρια
Osio OST-5029-AC,6.9,https://www.skroutz.gr/s/25480517/Osio-OST-5029-AC.html,10006-0001,Μικροσυσκευές
Osio OSW-4600 Λευκό,10.9,https://www.skroutz.gr/s/5620668/Osio-OSW-4600-%CE%9B%CE%B5%CF%85%CE%BA%CF%8C.html,110087-0002,Τηλ. Ενσύρματα
Osio OSW-4600 Μαύρο,10.9,https://www.skroutz.gr/s/22023088/Osio-OSW-4600-%CE%9C%CE%B1%CF%8D%CF%81%CE%BF.html,110087-0001,Τηλ. Ενσύρματα
Osio OSW-4710 Λευκό,19.9,https://www.skroutz.gr/s/22023127/Osio-OSW-4710-%CE%9B%CE%B5%CF%85%CE%BA%CF%8C.html,110087-0014,Τηλ. Ενσύρματα
Osio OSW-4710 Μαύρο,19.9,https://www.skroutz.gr/s/8983398/Osio-OSW-4710-%CE%9C%CE%B1%CF%8D%CF%81%CE%BF.html,110087-0013,Τηλ. Ενσύρματα
Osio OSWB-4760 Λευκό,21.9,https://www.skroutz.gr/s/22023217/Osio-OSWB-4760-%CE%9B%CE%B5%CF%85%CE%BA%CF%8C.html,110087-0017,Τηλ. Ενσύρματα
Osio OSWB-4760 Μαύρο,21.9,https://www.skroutz.gr/s/19490200/Osio-OSWB-4760-%CE%9C%CE%B1%CF%8D%CF%81%CE%BF.html,110087-0016,Τηλ. Ενσύρματα
Osio SRM-7880B (8GB) Black,26.9,https://www.skroutz.gr/s/23963826/Osio-SRM-7880B-8GB-Black.html,112485-7881,MP3 Players
Osio Πολύπριζο 3 Θέσεων με USB και Μήκος Καλωδίου 1.5m,16.9,https://www.skroutz.gr/s/27593118/Osio-%CE%A0%CE%BF%CE%BB%CF%8D%CF%80%CF%81%CE%B9%CE%B6%CE%BF-3-%CE%98%CE%AD%CF%83%CE%B5%CF%89%CE%BD-%CE%BC%CE%B5-USB-%CE%BA%CE%B1%CE%B9-%CE%9C%CE%AE%CE%BA%CE%BF%CF%82-%CE%9A%CE%B1%CE%BB%CF%89%CE%B4%CE%AF%CE%BF%CF%85-1-5m-OPS-3003.html,151100-0005,Καλώδια
Osio Πολύπριζο 3 Θέσεων με Μήκος Καλωδίου 1.5m,7.9,https://www.skroutz.gr/s/27593168/Osio-%CE%A0%CE%BF%CE%BB%CF%8D%CF%80%CF%81%CE%B9%CE%B6%CE%BF-3-%CE%98%CE%AD%CF%83%CE%B5%CF%89%CE%BD-%CE%BC%CE%B5-%CE%9C%CE%AE%CE%BA%CE%BF%CF%82-%CE%9A%CE%B1%CE%BB%CF%89%CE%B4%CE%AF%CE%BF%CF%85-1-5m-OPS-2003.html,151100-0001,Καλώδια
Osio Πολύπριζο 4 Θέσεων με Μήκος Καλωδίου 1.5m,8.9,https://www.skroutz.gr/s/27593214/Osio-%CE%A0%CE%BF%CE%BB%CF%8D%CF%80%CF%81%CE%B9%CE%B6%CE%BF-4-%CE%98%CE%AD%CF%83%CE%B5%CF%89%CE%BD-%CE%BC%CE%B5-%CE%9C%CE%AE%CE%BA%CE%BF%CF%82-%CE%9A%CE%B1%CE%BB%CF%89%CE%B4%CE%AF%CE%BF%CF%85-1-5m-OPS-2004.html,151100-0002,Καλώδια
Osio Πολύπριζο 5 Θέσεων με Μήκος Καλωδίου 1.5m,9.9,https://www.skroutz.gr/s/27592997/Osio-%CE%A0%CE%BF%CE%BB%CF%8D%CF%80%CF%81%CE%B9%CE%B6%CE%BF-5-%CE%98%CE%AD%CF%83%CE%B5%CF%89%CE%BD-%CE%BC%CE%B5-%CE%9C%CE%AE%CE%BA%CE%BF%CF%82-%CE%9A%CE%B1%CE%BB%CF%89%CE%B4%CE%AF%CE%BF%CF%85-1-5m-OPS-2005.html,151100-0003,Καλώδια
Osio Πολύπριζο 6 Θέσεων με Μήκος Καλωδίου 1.5m,10.9,https://www.skroutz.gr/s/27593044/Osio-%CE%A0%CE%BF%CE%BB%CF%8D%CF%80%CF%81%CE%B9%CE%B6%CE%BF-6-%CE%98%CE%AD%CF%83%CE%B5%CF%89%CE%BD-%CE%BC%CE%B5-%CE%9C%CE%AE%CE%BA%CE%BF%CF%82-%CE%9A%CE%B1%CE%BB%CF%89%CE%B4%CE%AF%CE%BF%CF%85-1-5m-OPS-2006.html,151100-0004,Καλώδια
Philips SDV6222/GRS Εσωτερική,39.9,https://www.skroutz.gr/s/27422454/Philips-SDV6222-GRS-%CE%95%CF%83%CF%89%CF%84%CE%B5%CF%81%CE%B9%CE%BA%CE%AE.html,1150301-0002,Κεραίες
Philips SPN3140A/10,19.9,https://www.skroutz.gr/s/25212193/Philips-SPN3140A-10.html,1150100-0005,Πολύπριζα
Philips SPN3180A/10,36.9,https://www.skroutz.gr/s/25212236/Philips-SPN3180A-10.html,1150100-0006,Πολύπριζα
Philips TAEP200 Black,49.9,https://www.skroutz.gr/s/24858662/Philips-TAEP200-Black.html,115081-0001,DVD Players
Philips Αντάπτορας Ασφαλείας 6 Θέσεων με USB SPN7060WA/GRS,39.9,https://www.skroutz.gr/s/29727046/Philips-%CE%91%CE%BD%CF%84%CE%AC%CF%80%CF%84%CE%BF%CF%81%CE%B1%CF%82-%CE%91%CF%83%CF%86%CE%B1%CE%BB%CE%B5%CE%AF%CE%B1%CF%82-6-%CE%98%CE%AD%CF%83%CE%B5%CF%89%CE%BD-%CE%BC%CE%B5-USB-SPN7060WA-GRS.html,1150100-0009,Πολύπριζα
Philips Αντάπτορας Ασφαλείας 8 Θέσεων με Μήκος Καλωδίου 2m SPN7080WA/GRS,23.9,https://www.skroutz.gr/s/29727071/Philips-%CE%91%CE%BD%CF%84%CE%AC%CF%80%CF%84%CE%BF%CF%81%CE%B1%CF%82-%CE%91%CF%83%CF%86%CE%B1%CE%BB%CE%B5%CE%AF%CE%B1%CF%82-8-%CE%98%CE%AD%CF%83%CE%B5%CF%89%CE%BD-%CE%BC%CE%B5-%CE%9C%CE%AE%CE%BA%CE%BF%CF%82-%CE%9A%CE%B1%CE%BB%CF%89%CE%B4%CE%AF%CE%BF%CF%85-2m-SPN7080WA-GRS.html,1150100-0004,Πολύπριζα
"Philips Πολύπριζο 3 Θέσεων με Διακόπτη, 2 USB και Καλώδιο 1.5m",19.9,https://www.skroutz.gr/s/30518005/Philips-%CE%A0%CE%BF%CE%BB%CF%8D%CF%80%CF%81%CE%B9%CE%B6%CE%BF-3-%CE%98%CE%AD%CF%83%CE%B5%CF%89%CE%BD-%CE%BC%CE%B5-%CE%94%CE%B9%CE%B1%CE%BA%CF%8C%CF%80%CF%84%CE%B7-2-USB-%CE%BA%CE%B1%CE%B9-%CE%9A%CE%B1%CE%BB%CF%8E%CE%B4%CE%B9%CE%BF-1-5m-SPN3032W-GRS.html,1150100-0007,Πολύπριζα
"Philips Πολύπριζο 5 Θέσεων με Διακόπτη, 2 USB και Καλώδιο 1.5m",24.9,https://www.skroutz.gr/s/30518018/Philips-%CE%A0%CE%BF%CE%BB%CF%8D%CF%80%CF%81%CE%B9%CE%B6%CE%BF-5-%CE%98%CE%AD%CF%83%CE%B5%CF%89%CE%BD-%CE%BC%CE%B5-%CE%94%CE%B9%CE%B1%CE%BA%CF%8C%CF%80%CF%84%CE%B7-2-USB-%CE%BA%CE%B1%CE%B9-%CE%9A%CE%B1%CE%BB%CF%8E%CE%B4%CE%B9%CE%BF-1-5m-SPN3052W-GRS.html,1150100-0008,Πολύπριζα
Philips Πολύπριζο Ασφαλείας 4 Θέσεων με Διακόπτη και Καλώδιο 2m,16.9,https://www.skroutz.gr/s/30691835/Philips-%CE%A0%CE%BF%CE%BB%CF%8D%CF%80%CF%81%CE%B9%CE%B6%CE%BF-%CE%91%CF%83%CF%86%CE%B1%CE%BB%CE%B5%CE%AF%CE%B1%CF%82-4-%CE%98%CE%AD%CF%83%CE%B5%CF%89%CE%BD-%CE%BC%CE%B5-%CE%94%CE%B9%CE%B1%CE%BA%CF%8C%CF%80%CF%84%CE%B7-%CE%BA%CE%B1%CE%B9-%CE%9A%CE%B1%CE%BB%CF%8E%CE%B4%CE%B9%CE%BF-2m-SPN7040WA-GRS.html,1150100-0003,Πολύπριζα
Γραφείο Ηλεκτρικό Ρυθμιζόμενου Υψους Ξύλινο με Μεταλλικά Πόδια Λευκό 120x60x73cm,349,https://www.skroutz.gr/s/27268853/%CE%93%CF%81%CE%B1%CF%86%CE%B5%CE%AF%CE%BF-%CE%97%CE%BB%CE%B5%CE%BA%CF%84%CF%81%CE%B9%CE%BA%CF%8C-%CE%A1%CF%85%CE%B8%CE%BC%CE%B9%CE%B6%CF%8C%CE%BC%CE%B5%CE%BD%CE%BF%CF%85-%CE%A5%CF%88%CE%BF%CF%85%CF%82-%CE%9E%CF%8D%CE%BB%CE%B9%CE%BD%CE%BF-%CE%BC%CE%B5-%CE%9C%CE%B5%CF%84%CE%B1%CE%BB%CE%BB%CE%B9%CE%BA%CE%AC-%CE%A0%CF%8C%CE%B4%CE%B9%CE%B1-%CE%9B%CE%B5%CF%85%CE%BA%CF%8C-120x60x73cm.html,185304-0119,Έπιπλα
Χρηματοκιβώτιο OSB-1723BL,44.9,https://www.skroutz.gr/s/21785811/%CE%A7%CF%81%CE%B7%CE%BC%CE%B1%CF%84%CE%BF%CE%BA%CE%B9%CE%B2%CF%8E%CF%84%CE%B9%CE%BF-OSB-1723BL.html,100452-0001,Χρηματοκιβώτια
Χρηματοκιβώτιο OSB-1723WH,44.9,https://www.skroutz.gr/s/21785760/%CE%A7%CF%81%CE%B7%CE%BC%CE%B1%CF%84%CE%BF%CE%BA%CE%B9%CE%B2%CF%8E%CF%84%CE%B9%CE%BF-OSB-1723WH.html,100452-0002,Χρηματοκιβώτια
Χρηματοκιβώτιο OSB-2031BL,54.9,https://www.skroutz.gr/s/21785831/%CE%A7%CF%81%CE%B7%CE%BC%CE%B1%CF%84%CE%BF%CE%BA%CE%B9%CE%B2%CF%8E%CF%84%CE%B9%CE%BF-OSB-2031BL.html,100452-0003,Χρηματοκιβώτια
Χρηματοκιβώτιο OSB-2031RE,54.9,https://www.skroutz.gr/s/21785873/%CE%A7%CF%81%CE%B7%CE%BC%CE%B1%CF%84%CE%BF%CE%BA%CE%B9%CE%B2%CF%8E%CF%84%CE%B9%CE%BF-OSB-2031RE.html,100452-0004,Χρηματοκιβώτια
Χρηματοκιβώτιο OSB-2031WH,54.9,https://www.skroutz.gr/s/30209705/%CE%A7%CF%81%CE%B7%CE%BC%CE%B1%CF%84%CE%BF%CE%BA%CE%B9%CE%B2%CF%8E%CF%84%CE%B9%CE%BF-OSB-2031WH.html,100452-0009,Χρηματοκιβώτια
Χρηματοκιβώτιο OSB-2043BL,144.9,https://www.skroutz.gr/s/21785941/%CE%A7%CF%81%CE%B7%CE%BC%CE%B1%CF%84%CE%BF%CE%BA%CE%B9%CE%B2%CF%8E%CF%84%CE%B9%CE%BF-OSB-2043BL.html,100452-0007,Χρηματοκιβώτια
Χρηματοκιβώτιο OSB-2043BU,144.9,https://www.skroutz.gr/s/21785978/%CE%A7%CF%81%CE%B7%CE%BC%CE%B1%CF%84%CE%BF%CE%BA%CE%B9%CE%B2%CF%8E%CF%84%CE%B9%CE%BF-OSB-2043BU.html,100452-0008,Χρηματοκιβώτια
Χρηματοκιβώτιο OSB-2535BL,69.9,https://www.skroutz.gr/s/21785911/%CE%A7%CF%81%CE%B7%CE%BC%CE%B1%CF%84%CE%BF%CE%BA%CE%B9%CE%B2%CF%8E%CF%84%CE%B9%CE%BF-OSB-2535BL.html,100452-0006,Χρηματοκιβώτια
Χρηματοκιβώτιο OSB-2535BU,69.9,https://www.skroutz.gr/s/21785964/%CE%A7%CF%81%CE%B7%CE%BC%CE%B1%CF%84%CE%BF%CE%BA%CE%B9%CE%B2%CF%8E%CF%84%CE%B9%CE%BF-OSB-2535BU.html,100452-0005,Χρηματοκιβώτια
HP Οικολογικό Λάδι Καταστροφείς Εγγράφων,16.9,https://www.skroutz.gr/s/28945203/HP-%CE%9F%CE%B9%CE%BA%CE%BF%CE%BB%CE%BF%CE%B3%CE%B9%CE%BA%CF%8C-%CE%9B%CE%AC%CE%B4%CE%B9-%CE%9A%CE%B1%CF%84%CE%B1%CF%83%CF%84%CF%81%CE%BF%CF%86%CE%B5%CE%AF%CF%82-%CE%95%CE%B3%CE%B3%CF%81%CE%AC%CF%86%CF%89%CE%BD-9133.html,113049-0030,Καταστροφείς
HP 9131 Οικολογικό Λάδι για Καταστροφείς Εγγράφων 120ml,8.9,https://www.skroutz.gr/s/28855814/HP-9131-%CE%9F%CE%B9%CE%BA%CE%BF%CE%BB%CE%BF%CE%B3%CE%B9%CE%BA%CF%8C-%CE%9B%CE%AC%CE%B4%CE%B9-%CE%B3%CE%B9%CE%B1-%CE%9A%CE%B1%CF%84%CE%B1%CF%83%CF%84%CF%81%CE%BF%CF%86%CE%B5%CE%AF%CF%82-%CE%95%CE%B3%CE%B3%CF%81%CE%AC%CF%86%CF%89%CE%BD-120ml.html,113049-0028,Καταστροφείς
HP Everyday 9152 Α3,12.9,https://www.skroutz.gr/s/29350060/HP-Everyday-9152-%CE%913-113049-0031.html,113049-0031,Πλαστικοποιητές
HP Everyday A4 9153,6.9,https://www.skroutz.gr/s/29350306/HP-Everyday-A4-9153-113049-0032.html,113049-0032,Πλαστικοποιητές
HP Everyday A4 9154,19.9,https://www.skroutz.gr/s/29372871/HP-Everyday-A4-9154-113049-0033.html,113049-0033,Πλαστικοποιητές
HP Everyday 9155 Α5,5.3,https://www.skroutz.gr/s/29373021/HP-Everyday-9155-%CE%915.html,113049-0034,Πλαστικοποιητές
HP Everyday 9156,4.5,https://www.skroutz.gr/s/29372968/HP-Everyday-9156.html,113049-0035,Πλαστικοποιητές
HP Everyday 9157,4.5,https://www.skroutz.gr/s/29373055/HP-Everyday-9157.html,113049-0036,Πλαστικοποιητές
HP Everyday 9158,10.5,https://www.skroutz.gr/s/29372801/HP-Everyday-9158-113049-0037.html,113049-0037,Πλαστικοποιητές
Motorola Sonic Sub 630 Twin Ηχείο Bluetooth 20W με 9 ώρες Λειτουργίας Black,99.9,https://www.skroutz.gr/s/25585588/Motorola-Sonic-Sub-630-Twin-%CE%97%CF%87%CE%B5%CE%AF%CE%BF-Bluetooth-20W-%CE%BC%CE%B5-9-%CF%8E%CF%81%CE%B5%CF%82-%CE%9B%CE%B5%CE%B9%CF%84%CE%BF%CF%85%CF%81%CE%B3%CE%AF%CE%B1%CF%82-Black.html,145300-0006,Ηχεία
First Austria FA-5053-2 Φριτέζα Αέρος με Αποσπώμενο Κάδο 3.2lt,89.9,https://www.skroutz.gr/s/32315029/First-Austria-FA-5053-2-%CE%A6%CF%81%CE%B9%CF%84%CE%AD%CE%B6%CE%B1-%CE%91%CE%AD%CF%81%CE%BF%CF%82-%CE%BC%CE%B5-%CE%91%CF%80%CE%BF%CF%83%CF%80%CF%8E%CE%BC%CE%B5%CE%BD%CE%BF-%CE%9A%CE%AC%CE%B4%CE%BF-3-2lt.html,199222-0009,Μικροσυσκευές
Osio OTA-2033 Εσωτερική Κεραία Τηλεόρασης (απαιτεί τροφοδοσία) σε Μαύρο Χρώμα Σύνδεση με Ομοαξονικό (Coaxial) Καλώδιο,19.9,https://www.skroutz.gr/s/32535231/Osio-OTA-2033-%CE%95%CF%83%CF%89%CF%84%CE%B5%CF%81%CE%B9%CE%BA%CE%AE-%CE%9A%CE%B5%CF%81%CE%B1%CE%AF%CE%B1-%CE%A4%CE%B7%CE%BB%CE%B5%CF%8C%CF%81%CE%B1%CF%83%CE%B7%CF%82-%CE%B1%CF%80%CE%B1%CE%B9%CF%84%CE%B5%CE%AF-%CF%84%CF%81%CE%BF%CF%86%CE%BF%CE%B4%CE%BF%CF%83%CE%AF%CE%B1-%CF%83%CE%B5-%CE%9C%CE%B1%CF%8D%CF%81%CE%BF-%CE%A7%CF%81%CF%8E%CE%BC%CE%B1-%CE%A3%CF%8D%CE%BD%CE%B4%CE%B5%CF%83%CE%B7-%CE%BC%CE%B5-%CE%9F%CE%BC%CE%BF%CE%B1%CE%BE%CE%BF%CE%BD%CE%B9%CE%BA%CF%8C-Coaxial-%CE%9A%CE%B1%CE%BB%CF%8E%CE%B4%CE%B9%CE%BF.html,1120301-0001,Κεραίες
Akai ATT-100BT Βαλιτσάκι Πικάπ με Προενίσχυση και Ενσωματωμένα Ηχεία Μπεζ,169.9,https://www.skroutz.gr/s/32512549/Akai-ATT-100BT-%CE%92%CE%B1%CE%BB%CE%B9%CF%84%CF%83%CE%AC%CE%BA%CE%B9-%CE%A0%CE%B9%CE%BA%CE%AC%CF%80-%CE%BC%CE%B5-%CE%A0%CF%81%CE%BF%CE%B5%CE%BD%CE%AF%CF%83%CF%87%CF%85%CF%83%CE%B7-%CE%BA%CE%B1%CE%B9-%CE%95%CE%BD%CF%83%CF%89%CE%BC%CE%B1%CF%84%CF%89%CE%BC%CE%AD%CE%BD%CE%B1-%CE%97%CF%87%CE%B5%CE%AF%CE%B1-%CE%9C%CF%80%CE%B5%CE%B6.html,110584-0005,Πικάπ
Motorola Wireless Charging Pad (Qi) 10W Λευκό (Sonic Sub 500),79.9,https://www.skroutz.gr/s/31939868/Motorola-Wireless-Charging-Pad-Qi-10W-%CE%9B%CE%B5%CF%85%CE%BA%CF%8C-Sonic-Sub-500.html,1135300-0037,Ηχεία
Motorola Ασύρματος Φορτιστής Κινητού 10W σε Μαύρο Χρώμα (Sonic Sub 500),79.9,https://www.skroutz.gr/s/31940418/Motorola-%CE%91%CF%83%CF%8D%CF%81%CE%BC%CE%B1%CF%84%CE%BF%CF%82-%CE%A6%CE%BF%CF%81%CF%84%CE%B9%CF%83%CF%84%CE%AE%CF%82-%CE%9A%CE%B9%CE%BD%CE%B7%CF%84%CE%BF%CF%8D-10W-%CF%83%CE%B5-%CE%9C%CE%B1%CF%8D%CF%81%CE%BF-%CE%A7%CF%81%CF%8E%CE%BC%CE%B1-Sonic-Sub-500.html,1135300-0036,Ηχεία
Osio OGB-2440 Ηλεκτρική Ψησταριά 2000W,32.9,https://www.skroutz.gr/s/32859497/Osio-OGB-2440-%CE%97%CE%BB%CE%B5%CE%BA%CF%84%CF%81%CE%B9%CE%BA%CE%AE-%CE%A8%CE%B7%CF%83%CF%84%CE%B1%CF%81%CE%B9%CE%AC-2000W.html,1120199-0002,Μικροσυσκευές
Akai TTA05USB Πικάπ Μαύρο,249,https://www.skroutz.gr/s/400316/Akai-TTA05USB-%CE%A0%CE%B9%CE%BA%CE%AC%CF%80-%CE%9C%CE%B1%CF%8D%CF%81%CE%BF.html,14884-3005,Πικάπ
Akai FM Transmitter με USB,26.9,https://www.skroutz.gr/s/18640432/Akai-FM-Transmitter-%CE%BC%CE%B5-USB-FMT-74BT.html,110585-0010,FM Transmitters
Olympia BR 60 Σόμπα Χαλαζία 600W,34.9,https://www.skroutz.gr/s/33090488/Olympia-BR-60-%CE%A3%CF%8C%CE%BC%CF%80%CE%B1-%CE%A7%CE%B1%CE%BB%CE%B1%CE%B6%CE%AF%CE%B1-600W.html,1106106-0051,Θερμάστρες
Olympia BR 80 Σόμπα Χαλαζία 800W,129.9,https://www.skroutz.gr/s/33090531/Olympia-BR-80-%CE%A3%CF%8C%CE%BC%CF%80%CE%B1-%CE%A7%CE%B1%CE%BB%CE%B1%CE%B6%CE%AF%CE%B1-800W.html,1106106-0052,Θερμάστρες
Motorola XT500 Ασύρματα Bluetooth Over Ear Ακουστικά Μαύρα,44.9,https://www.skroutz.gr/s/33097575/Motorola-XT500-%CE%91%CF%83%CF%8D%CF%81%CE%BC%CE%B1%CF%84%CE%B1-Bluetooth-Over-Ear-%CE%91%CE%BA%CE%BF%CF%85%CF%83%CF%84%CE%B9%CE%BA%CE%AC-%CE%9C%CE%B1%CF%8D%CF%81%CE%B1.html,113591-0007,Ακουστικά
Motorola Σύστημα Karaoke με Ενσύρματα Μικρόφωνα Rokr 810 σε Μαύρο Χρώμα,179.9,https://www.skroutz.gr/s/33094994/Motorola-%CE%A3%CF%8D%CF%83%CF%84%CE%B7%CE%BC%CE%B1-Karaoke-%CE%BC%CE%B5-%CE%95%CE%BD%CF%83%CF%8D%CF%81%CE%BC%CE%B1%CF%84%CE%B1-%CE%9C%CE%B9%CE%BA%CF%81%CF%8C%CF%86%CF%89%CE%BD%CE%B1-Rokr-810-%CF%83%CE%B5-%CE%9C%CE%B1%CF%8D%CF%81%CE%BF-%CE%A7%CF%81%CF%8E%CE%BC%CE%B1.html,1135300-0035,Ηχεία
Olympia Αριθμομηχανή Απλή Τσέπης LCD-1110 10 Ψηφίων σε Λευκό Χρώμα,7.9,https://www.skroutz.gr/s/16778879/Olympia-%CE%91%CF%81%CE%B9%CE%B8%CE%BC%CE%BF%CE%BC%CE%B7%CF%87%CE%B1%CE%BD%CE%AE-%CE%91%CF%80%CE%BB%CE%AE-%CE%A4%CF%83%CE%AD%CF%80%CE%B7%CF%82-LCD-1110-941901003-10-%CE%A8%CE%B7%CF%86%CE%AF%CF%89%CE%BD-%CF%83%CE%B5-%CE%9B%CE%B5%CF%85%CE%BA%CF%8C-%CE%A7%CF%81%CF%8E%CE%BC%CE%B1.html,14549-0018,Είδη Γραφείου
Olympia Αριθμομηχανή Χαρτοταινίας CPD-425 12 Ψηφίων σε Λευκό Χρώμα,42.9,https://www.skroutz.gr/s/4782058/Olympia-%CE%91%CF%81%CE%B9%CE%B8%CE%BC%CE%BF%CE%BC%CE%B7%CF%87%CE%B1%CE%BD%CE%AE-%CE%A7%CE%B1%CF%81%CF%84%CE%BF%CF%84%CE%B1%CE%B9%CE%BD%CE%AF%CE%B1%CF%82-CPD-425-12-%CE%A8%CE%B7%CF%86%CE%AF%CF%89%CE%BD-%CF%83%CE%B5-%CE%9B%CE%B5%CF%85%CE%BA%CF%8C-%CE%A7%CF%81%CF%8E%CE%BC%CE%B1.html,14549-0084,Είδη Γραφείου
Olympia Καταστροφέας Εγγράφων PS 36 Strip Cut 6 Φύλλων με Κάδο 7lt,42.9,https://www.skroutz.gr/s/17734973/Olympia-%CE%9A%CE%B1%CF%84%CE%B1%CF%83%CF%84%CF%81%CE%BF%CF%86%CE%AD%CE%B1%CF%82-%CE%95%CE%B3%CE%B3%CF%81%CE%AC%CF%86%CF%89%CE%BD-PS-36-Strip-Cut-6-%CE%A6%CF%8D%CE%BB%CE%BB%CF%89%CE%BD-%CE%BC%CE%B5-%CE%9A%CE%AC%CE%B4%CE%BF-7lt-2706.html,110649-0011,Καταστροφείς
Olympia Καταστροφέας Εγγράφων PS 36 Strip Cut 6 Φύλλων με Κάδο 7lt,42.9,https://www.skroutz.gr/s/10897177/Olympia-%CE%9A%CE%B1%CF%84%CE%B1%CF%83%CF%84%CF%81%CE%BF%CF%86%CE%AD%CE%B1%CF%82-%CE%95%CE%B3%CE%B3%CF%81%CE%AC%CF%86%CF%89%CE%BD-PS-36-Strip-Cut-6-%CE%A6%CF%8D%CE%BB%CE%BB%CF%89%CE%BD-%CE%BC%CE%B5-%CE%9A%CE%AC%CE%B4%CE%BF-7lt-2707.html,110649-0012,Καταστροφείς
Olympia Καταστροφέας Εγγράφων PS 53 CC Cross Cut 6 Φύλλων με Κάδο 13lt,69.9,https://www.skroutz.gr/s/17734873/Olympia-%CE%9A%CE%B1%CF%84%CE%B1%CF%83%CF%84%CF%81%CE%BF%CF%86%CE%AD%CE%B1%CF%82-%CE%95%CE%B3%CE%B3%CF%81%CE%AC%CF%86%CF%89%CE%BD-PS-53-CC-Cross-Cut-6-%CE%A6%CF%8D%CE%BB%CE%BB%CF%89%CE%BD-%CE%BC%CE%B5-%CE%9A%CE%AC%CE%B4%CE%BF-13lt-2708.html,110649-0013,Καταστροφείς
Olympia Καταστροφέας Εγγράφων PS 53 CC Cross Cut 6 Φύλλων με Κάδο 13lt,69.9,https://www.skroutz.gr/s/11329840/Olympia-%CE%9A%CE%B1%CF%84%CE%B1%CF%83%CF%84%CF%81%CE%BF%CF%86%CE%AD%CE%B1%CF%82-%CE%95%CE%B3%CE%B3%CF%81%CE%AC%CF%86%CF%89%CE%BD-PS-53-CC-Cross-Cut-6-%CE%A6%CF%8D%CE%BB%CE%BB%CF%89%CE%BD-%CE%BC%CE%B5-%CE%9A%CE%AC%CE%B4%CE%BF-13lt-2709.html,110649-0014,Καταστροφείς
Olympia Καταστροφέας Εγγράφων & CD PS 38 CD Strip Cut 8 Φύλλων με Κάδο 9lt,54.9,https://www.skroutz.gr/s/14637341/Olympia-%CE%9A%CE%B1%CF%84%CE%B1%CF%83%CF%84%CF%81%CE%BF%CF%86%CE%AD%CE%B1%CF%82-%CE%95%CE%B3%CE%B3%CF%81%CE%AC%CF%86%CF%89%CE%BD-CD-PS-38-CD-Strip-Cut-8-%CE%A6%CF%8D%CE%BB%CE%BB%CF%89%CE%BD-%CE%BC%CE%B5-%CE%9A%CE%AC%CE%B4%CE%BF-9lt.html,110649-0031,Καταστροφείς
Olympia Μεταλλικό Κοπτικό A3,34.9,https://www.skroutz.gr/s/29349939/Olympia-%CE%9C%CE%B5%CF%84%CE%B1%CE%BB%CE%BB%CE%B9%CE%BA%CF%8C-%CE%9A%CE%BF%CF%80%CF%84%CE%B9%CE%BA%CF%8C-A3.html,110649-0072,Είδη Γραφείου
Olympia Πλαστικοποιητής A 230 Plus Επιτραπέζιος για A4,31.9,https://www.skroutz.gr/s/9904996/Olympia-%CE%A0%CE%BB%CE%B1%CF%83%CF%84%CE%B9%CE%BA%CE%BF%CF%80%CE%BF%CE%B9%CE%B7%CF%84%CE%AE%CF%82-A-230-Plus-%CE%95%CF%80%CE%B9%CF%84%CF%81%CE%B1%CF%80%CE%AD%CE%B6%CE%B9%CE%BF%CF%82-%CE%B3%CE%B9%CE%B1-A4-3127.html,110649-0008,Πλαστικοποιητές
Olympia Πλαστικοποιητής A 230 Επιτραπέζιος για A4,31.9,https://www.skroutz.gr/s/1761482/Olympia-%CE%A0%CE%BB%CE%B1%CF%83%CF%84%CE%B9%CE%BA%CE%BF%CF%80%CE%BF%CE%B9%CE%B7%CF%84%CE%AE%CF%82-A-230-%CE%95%CF%80%CE%B9%CF%84%CF%81%CE%B1%CF%80%CE%AD%CE%B6%CE%B9%CE%BF%CF%82-%CE%B3%CE%B9%CE%B1-A4.html,110649-0008,Πλαστικοποιητές
Olympia Πλαστικοποιητής A 330 Plus Επιτραπέζιος για A3,43.9,https://www.skroutz.gr/s/9518933/Olympia-%CE%A0%CE%BB%CE%B1%CF%83%CF%84%CE%B9%CE%BA%CE%BF%CF%80%CE%BF%CE%B9%CE%B7%CF%84%CE%AE%CF%82-A-330-Plus-%CE%95%CF%80%CE%B9%CF%84%CF%81%CE%B1%CF%80%CE%AD%CE%B6%CE%B9%CE%BF%CF%82-%CE%B3%CE%B9%CE%B1-A3-3128.html,110649-0009,Πλαστικοποιητές
Olympia Πλαστικοποιητής A 2250 Επιτραπέζιος για A4,79.9,https://www.skroutz.gr/s/11254362/Olympia-%CE%A0%CE%BB%CE%B1%CF%83%CF%84%CE%B9%CE%BA%CE%BF%CF%80%CE%BF%CE%B9%CE%B7%CF%84%CE%AE%CF%82-A-2250-%CE%95%CF%80%CE%B9%CF%84%CF%81%CE%B1%CF%80%CE%AD%CE%B6%CE%B9%CE%BF%CF%82-%CE%B3%CE%B9%CE%B1-A4-3144.html,110649-0029,Πλαστικοποιητές
Olympia Πλαστικοποιητής A 3250 Επιτραπέζιος για A3,94.9,https://www.skroutz.gr/s/11254371/Olympia-%CE%A0%CE%BB%CE%B1%CF%83%CF%84%CE%B9%CE%BA%CE%BF%CF%80%CE%BF%CE%B9%CE%B7%CF%84%CE%AE%CF%82-A-3250-%CE%95%CF%80%CE%B9%CF%84%CF%81%CE%B1%CF%80%CE%AD%CE%B6%CE%B9%CE%BF%CF%82-%CE%B3%CE%B9%CE%B1-A3-3145.html,110649-0030,Πλαστικοποιητές
Olympia Din A6 80 Micron Φύλλα Πλαστικοποίησης 100 Τμχ.,6.4,https://www.skroutz.gr/s/24432643/Olympia-Din-A6-80-Micron-%CE%A6%CF%8D%CE%BB%CE%BB%CE%B1-%CE%A0%CE%BB%CE%B1%CF%83%CF%84%CE%B9%CE%BA%CE%BF%CF%80%CE%BF%CE%AF%CE%B7%CF%83%CE%B7%CF%82-100-%CE%A4%CE%BC%CF%87-9168.html,14549-0009,Είδη Γραφείου
Olympia Din A4 125 Micron Φύλλα Πλαστικοποίησης 100 Τμχ.,22.9,https://www.skroutz.gr/s/24432219/Olympia-Din-A4-125-Micron-%CE%A6%CF%8D%CE%BB%CE%BB%CE%B1-%CE%A0%CE%BB%CE%B1%CF%83%CF%84%CE%B9%CE%BA%CE%BF%CF%80%CE%BF%CE%AF%CE%B7%CF%83%CE%B7%CF%82-100-%CE%A4%CE%BC%CF%87-9176.html,14549-0035,Είδη Γραφείου
Olympia Φύλλα Πλαστικοποίησης Laminating Pouches Din A4,22.9,https://www.skroutz.gr/s/25931718/Olympia-%CE%A6%CF%8D%CE%BB%CE%BB%CE%B1-%CE%A0%CE%BB%CE%B1%CF%83%CF%84%CE%B9%CE%BA%CE%BF%CF%80%CE%BF%CE%AF%CE%B7%CF%83%CE%B7%CF%82-Laminating-Pouches-Din-A4.html,14549-0035,Είδη Γραφείου
Olympia Din A3 125 Micron Φύλλα Πλαστικοποίησης 50 Τμχ.,23.9,https://www.skroutz.gr/s/24431903/Olympia-Din-A3-125-Micron-%CE%A6%CF%8D%CE%BB%CE%BB%CE%B1-%CE%A0%CE%BB%CE%B1%CF%83%CF%84%CE%B9%CE%BA%CE%BF%CF%80%CE%BF%CE%AF%CE%B7%CF%83%CE%B7%CF%82-50-%CE%A4%CE%BC%CF%87-9175.html,14549-0038,Είδη Γραφείου
Olympia Καταμετρητής Χαρτονομισμάτων NC 560,399,https://www.skroutz.gr/s/18840994/Olympia-%CE%9A%CE%B1%CF%84%CE%B1%CE%BC%CE%B5%CF%84%CF%81%CE%B7%CF%84%CE%AE%CF%82-%CE%A7%CE%B1%CF%81%CF%84%CE%BF%CE%BD%CE%BF%CE%BC%CE%B9%CF%83%CE%BC%CE%AC%CF%84%CF%89%CE%BD-NC-560.html,110649-0019,Καταμετρητές
Olympia Καταμετρητής Χαρτονομισμάτων NC 570,569,https://www.skroutz.gr/s/18840992/Olympia-%CE%9A%CE%B1%CF%84%CE%B1%CE%BC%CE%B5%CF%84%CF%81%CE%B7%CF%84%CE%AE%CF%82-%CE%A7%CE%B1%CF%81%CF%84%CE%BF%CE%BD%CE%BF%CE%BC%CE%B9%CF%83%CE%BC%CE%AC%CF%84%CF%89%CE%BD-NC-570.html,110649-0020,Καταμετρητές
Olympia Καταμετρητής Κερμάτων CC 202 Black,249,https://www.skroutz.gr/s/18840950/Olympia-%CE%9A%CE%B1%CF%84%CE%B1%CE%BC%CE%B5%CF%84%CF%81%CE%B7%CF%84%CE%AE%CF%82-%CE%9A%CE%B5%CF%81%CE%BC%CE%AC%CF%84%CF%89%CE%BD-CC-202-Black-947730200.html,1106100-0002,Καταμετρητές
Olympia Πλαστικοί Σωλήνες Διαχωρισμού Κερμάτων για CC 202,19.9,https://www.skroutz.gr/s/27025354/Olympia-%CE%A0%CE%BB%CE%B1%CF%83%CF%84%CE%B9%CE%BA%CE%BF%CE%AF-%CE%A3%CF%89%CE%BB%CE%AE%CE%BD%CE%B5%CF%82-%CE%94%CE%B9%CE%B1%CF%87%CF%89%CF%81%CE%B9%CF%83%CE%BC%CE%BF%CF%8D-%CE%9A%CE%B5%CF%81%CE%BC%CE%AC%CF%84%CF%89%CE%BD-%CE%B3%CE%B9%CE%B1-CC-202-14549-0206.html,14549-0206,Καταμετρητές
Olympia Πλαστικοποιητής TBL 1300 Combo Επιτραπέζιος για A4,73.9,https://www.skroutz.gr/s/1869531/Olympia-%CE%A0%CE%BB%CE%B1%CF%83%CF%84%CE%B9%CE%BA%CE%BF%CF%80%CE%BF%CE%B9%CE%B7%CF%84%CE%AE%CF%82-TBL-1300-Combo-%CE%95%CF%80%CE%B9%CF%84%CF%81%CE%B1%CF%80%CE%AD%CE%B6%CE%B9%CE%BF%CF%82-%CE%B3%CE%B9%CE%B1-A4.html,14549-0144,Πλαστικοποιητές
Olympia Din A4 80 Micron Φύλλα Πλαστικοποίησης 25 Τμχ.,7.6,https://www.skroutz.gr/s/24431931/Olympia-Din-A4-80-Micron-%CE%A6%CF%8D%CE%BB%CE%BB%CE%B1-%CE%A0%CE%BB%CE%B1%CF%83%CF%84%CE%B9%CE%BA%CE%BF%CF%80%CE%BF%CE%AF%CE%B7%CF%83%CE%B7%CF%82-25-%CE%A4%CE%BC%CF%87-9181.html,14549-0033,Είδη Γραφείου
Olympia Din A4 125 Micron Φύλλα Πλαστικοποίησης 25 Τμχ.,8.9,https://www.skroutz.gr/s/24431963/Olympia-Din-A4-125-Micron-%CE%A6%CF%8D%CE%BB%CE%BB%CE%B1-%CE%A0%CE%BB%CE%B1%CF%83%CF%84%CE%B9%CE%BA%CE%BF%CF%80%CE%BF%CE%AF%CE%B7%CF%83%CE%B7%CF%82-25-%CE%A4%CE%BC%CF%87-9185.html,14549-0034,Είδη Γραφείου
Olympia Din A4 80 Micron Φύλλα Πλαστικοποίησης 100 τμχ,15.9,https://www.skroutz.gr/s/24431827/Olympia-Din-A4-80-Micron-%CE%A6%CF%8D%CE%BB%CE%BB%CE%B1-%CE%A0%CE%BB%CE%B1%CF%83%CF%84%CE%B9%CE%BA%CE%BF%CF%80%CE%BF%CE%AF%CE%B7%CF%83%CE%B7%CF%82-100-%CF%84%CE%BC%CF%87-9166.html,14549-0008,Είδη Γραφείου
Olympia Φύλλα Πλαστικοποίησης για Α3 σε Κουτί 80 Microns 50 Τμχ.,17.9,https://www.skroutz.gr/s/24432723/Olympia-%CE%A6%CF%8D%CE%BB%CE%BB%CE%B1-%CE%A0%CE%BB%CE%B1%CF%83%CF%84%CE%B9%CE%BA%CE%BF%CF%80%CE%BF%CE%AF%CE%B7%CF%83%CE%B7%CF%82-%CE%B3%CE%B9%CE%B1-%CE%913-%CF%83%CE%B5-%CE%9A%CE%BF%CF%85%CF%84%CE%AF-80-Microns-50-%CE%A4%CE%BC%CF%87-9174.html,14549-0037,Είδη Γραφείου
Olympia Φύλλα Πλαστικοποίησης για Α4 Α5 Α6 και Επαγγελματικές Κάρτες 100 Τμχ,10.9,https://www.skroutz.gr/s/24432372/Olympia-%CE%A6%CF%8D%CE%BB%CE%BB%CE%B1-%CE%A0%CE%BB%CE%B1%CF%83%CF%84%CE%B9%CE%BA%CE%BF%CF%80%CE%BF%CE%AF%CE%B7%CF%83%CE%B7%CF%82-%CE%B3%CE%B9%CE%B1-%CE%914-%CE%915-%CE%916-%CE%BA%CE%B1%CE%B9-%CE%95%CF%80%CE%B1%CE%B3%CE%B3%CE%B5%CE%BB%CE%BC%CE%B1%CF%84%CE%B9%CE%BA%CE%AD%CF%82-%CE%9A%CE%AC%CF%81%CF%84%CE%B5%CF%82-100-%CE%A4%CE%BC%CF%87-9165.html,14549-0201,Είδη Γραφείου
Olympia LCD 1110,7.9,https://www.skroutz.gr/s/437442/Olympia-LCD-1110.html,14549-0017,Είδη Γραφείου
Olympia Αριθμομηχανή Απλή 10 Ψηφίων,7.9,https://www.skroutz.gr/s/4389020/Olympia-%CE%91%CF%81%CE%B9%CE%B8%CE%BC%CE%BF%CE%BC%CE%B7%CF%87%CE%B1%CE%BD%CE%AE-%CE%91%CF%80%CE%BB%CE%AE-LCD-1110E-LCD-1110E-10-%CE%A8%CE%B7%CF%86%CE%AF%CF%89%CE%BD.html,14549-0014,Είδη Γραφείου
Olympia LCD 4312,18.9,https://www.skroutz.gr/s/1755057/Olympia-LCD-4312.html,14549-0021,Είδη Γραφείου
Olympia LCD 5112,18.9,https://www.skroutz.gr/s/1754968/Olympia-LCD-5112.html,14549-0046,Είδη Γραφείου
Akai AK-111 Ηχοσύστημα Αυτοκινήτου Universal 1DIN (Bluetooth/USB/AUX) με Αποσπώμενη Πρόσοψη,49.9,https://www.skroutz.gr/s/33087251/Akai-AK-111-%CE%97%CF%87%CE%BF%CF%83%CF%8D%CF%83%CF%84%CE%B7%CE%BC%CE%B1-%CE%91%CF%85%CF%84%CE%BF%CE%BA%CE%B9%CE%BD%CE%AE%CF%84%CE%BF%CF%85-Universal-1DIN-Bluetooth-USB-AUX-%CE%BC%CE%B5-%CE%91%CF%80%CE%BF%CF%83%CF%80%CF%8E%CE%BC%CE%B5%CE%BD%CE%B7-%CE%A0%CF%81%CF%8C%CF%83%CE%BF%CF%88%CE%B7-110516-0002.html,110516-0002,Ηχοσυστήματα Αυτ.
"Akai AK-628 Ηχοσύστημα αυτοκινήτου με Bluetooth, App, διπλό USB για φόρτιση / αναπαραγωγή, κάρτα SD και Aux-In 4 x 35 W",39.9,https://www.skroutz.gr/s/33088229/Akai-%CE%91%CE%9A-628-%CE%97%CF%87%CE%BF%CF%83%CF%8D%CF%83%CF%84%CE%B7%CE%BC%CE%B1-%CE%91%CF%85%CF%84%CE%BF%CE%BA%CE%B9%CE%BD%CE%AE%CF%84%CE%BF%CF%85-Universal-1DIN-Bluetooth-USB-AUX-114087.html,110516-0001,Ηχοσυστήματα Αυτ.
Motorola T401+ Ασύρματο Τηλέφωνο με Aνοιχτή Aκρόαση Μπλε,29.9,https://www.skroutz.gr/s/30728370/Motorola-T401-%CE%91%CF%83%CF%8D%CF%81%CE%BC%CE%B1%CF%84%CE%BF-%CE%A4%CE%B7%CE%BB%CE%AD%CF%86%CF%89%CE%BD%CE%BF-%CE%BC%CE%B5-A%CE%BD%CE%BF%CE%B9%CF%87%CF%84%CE%AE-A%CE%BA%CF%81%CF%8C%CE%B1%CF%83%CE%B7-%CE%9C%CF%80%CE%BB%CE%B5.html,14587-0120,Τηλ. Ασύρματα
Akai Ηχείο με λειτουργία Karaoke Party Box 810 σε Μαύρο Χρώμα,184.9,https://www.skroutz.gr/s/33549354/Akai-%CE%97%CF%87%CE%B5%CE%AF%CE%BF-%CE%BC%CE%B5-%CE%BB%CE%B5%CE%B9%CF%84%CE%BF%CF%85%CF%81%CE%B3%CE%AF%CE%B1-Karaoke-Party-Box-810-%CF%83%CE%B5-%CE%9C%CE%B1%CF%8D%CF%81%CE%BF-%CE%A7%CF%81%CF%8E%CE%BC%CE%B1.html,110582-0105,Ηχεία
BN219 In-ear Bluetooth Handsfree Μαύρο,24.99,https://www.skroutz.gr/s/24867478/BN219-In-ear-Bluetooth-Handsfree-%CE%9C%CE%B1%CF%8D%CF%81%CE%BF.html,15191-0001,Τηλ. Κινητά
NSP N620 VR Headset για Κινητά από 3.5 έως 6.2,14.99,https://www.skroutz.gr/s/12654684/NSP-N620-VR-Headset-%CE%B3%CE%B9%CE%B1-%CE%9A%CE%B9%CE%BD%CE%B7%CF%84%CE%AC-%CE%B1%CF%80%CF%8C-3-5-%CE%AD%CF%89%CF%82-6-2.html,15180-0021,Τηλ. Κινητά
NSP Βάση POS,24.99,https://www.skroutz.gr/s/28650496/NSP-%CE%92%CE%AC%CF%83%CE%B7-POS.html,15148-0005,Τηλ. Κινητά
Volte-Tel Stand Στήριξης 360°,24.99,https://www.skroutz.gr/s/18928020/Volte-Tel-Stand-%CE%A3%CF%84%CE%AE%CF%81%CE%B9%CE%BE%CE%B7%CF%82-360.html,15148-0005,Αξεσουάρ
NSP 8268885 Βάση στήριξης POS 360°,24.99,https://www.skroutz.gr/s/33512335/NSP-8268885-%CE%92%CE%AC%CF%83%CE%B7-%CF%83%CF%84%CE%AE%CF%81%CE%B9%CE%BE%CE%B7%CF%82-POS-360.html,15148-0005,Αξεσουάρ
NSP N08 USB-C Αντάπτορας Δικτύου για Ενσύρματη σύνδεση Gigabit Ethernet,19.99,https://www.skroutz.gr/s/25172566/NSP-N08-USB-C-%CE%91%CE%BD%CF%84%CE%AC%CF%80%CF%84%CE%BF%CF%81%CE%B1%CF%82-%CE%94%CE%B9%CE%BA%CF%84%CF%8D%CE%BF%CF%85-%CE%B3%CE%B9%CE%B1-%CE%95%CE%BD%CF%83%CF%8D%CF%81%CE%BC%CE%B1%CF%84%CE%B7-%CF%83%CF%8D%CE%BD%CE%B4%CE%B5%CF%83%CE%B7-Gigabit-Ethernet.html,151100-0009,Αξεσουάρ
USB-C male - HDMI female (8247323),19.99,https://www.skroutz.gr/s/20792588/USB-C-male-HDMI-female-8247323.html,151100-0008,Αξεσουάρ
NSP 1800DS Dual SIM Κινητό με Κουμπιά Κόκκινο,17.99,https://www.skroutz.gr/s/23174775/NSP-1800DS-Dual-SIM-%CE%9A%CE%B9%CE%BD%CE%B7%CF%84%CF%8C-%CE%BC%CE%B5-%CE%9A%CE%BF%CF%85%CE%BC%CF%80%CE%B9%CE%AC-%CE%9A%CF%8C%CE%BA%CE%BA%CE%B9%CE%BD%CE%BF.html,15187-0002,Τηλ. Κινητά
NSP 1800DS Dual SIM Κινητό με Κουμπιά Black Blue,17.99,https://www.skroutz.gr/s/22209385/NSP-1800DS-Dual-SIM-%CE%9A%CE%B9%CE%BD%CE%B7%CF%84%CF%8C-%CE%BC%CE%B5-%CE%9A%CE%BF%CF%85%CE%BC%CF%80%CE%B9%CE%AC-Black-Blue.html,15187-0003,Τηλ. Κινητά
NSP 1800DS Dual SIM Κινητό με Κουμπιά Μαύρο,17.99,https://www.skroutz.gr/s/23174770/NSP-1800DS-Dual-SIM-%CE%9A%CE%B9%CE%BD%CE%B7%CF%84%CF%8C-%CE%BC%CE%B5-%CE%9A%CE%BF%CF%85%CE%BC%CF%80%CE%B9%CE%AC-%CE%9C%CE%B1%CF%8D%CF%81%CE%BF.html,15187-0001,Τηλ. Κινητά
NSP 2000DS Dual SIM Κινητό με Κουμπιά για Ηλικιωμένους Μαύρο,27.99,https://www.skroutz.gr/s/21995013/NSP-2000DS-Dual-SIM-%CE%9A%CE%B9%CE%BD%CE%B7%CF%84%CF%8C-%CE%BC%CE%B5-%CE%9A%CE%BF%CF%85%CE%BC%CF%80%CE%B9%CE%AC-%CE%B3%CE%B9%CE%B1-%CE%97%CE%BB%CE%B9%CE%BA%CE%B9%CF%89%CE%BC%CE%AD%CE%BD%CE%BF%CF%85%CF%82-%CE%9C%CE%B1%CF%8D%CF%81%CE%BF.html,15187-0005,Τηλ. Κινητά
NSP 2000DS Dual SIM Κινητό με Κουμπιά για Ηλικιωμένους Black Red,27.99,https://www.skroutz.gr/s/23174746/NSP-2000DS-Dual-SIM-%CE%9A%CE%B9%CE%BD%CE%B7%CF%84%CF%8C-%CE%BC%CE%B5-%CE%9A%CE%BF%CF%85%CE%BC%CF%80%CE%B9%CE%AC-%CE%B3%CE%B9%CE%B1-%CE%97%CE%BB%CE%B9%CE%BA%CE%B9%CF%89%CE%BC%CE%AD%CE%BD%CE%BF%CF%85%CF%82-Black-Red.html,15187-0006,Τηλ. Κινητά
NSP 2000DS Dual SIM Κινητό με Κουμπιά για Ηλικιωμένους Black Silver,27.99,https://www.skroutz.gr/s/23174703/NSP-2000DS-Dual-SIM-%CE%9A%CE%B9%CE%BD%CE%B7%CF%84%CF%8C-%CE%BC%CE%B5-%CE%9A%CE%BF%CF%85%CE%BC%CF%80%CE%B9%CE%AC-%CE%B3%CE%B9%CE%B1-%CE%97%CE%BB%CE%B9%CE%BA%CE%B9%CF%89%CE%BC%CE%AD%CE%BD%CE%BF%CF%85%CF%82-Black-Silver.html,15187-0007,Τηλ. Κινητά
NSP 1850DS (32MB/32MB) Dual SIM Κινητό με Κουμπιά για Ηλικιωμένους Μαύρο,24.99,https://www.skroutz.gr/s/22090629/NSP-1850DS-32MB-32MB-Dual-SIM-%CE%9A%CE%B9%CE%BD%CE%B7%CF%84%CF%8C-%CE%BC%CE%B5-%CE%9A%CE%BF%CF%85%CE%BC%CF%80%CE%B9%CE%AC-%CE%B3%CE%B9%CE%B1-%CE%97%CE%BB%CE%B9%CE%BA%CE%B9%CF%89%CE%BC%CE%AD%CE%BD%CE%BF%CF%85%CF%82-%CE%9C%CE%B1%CF%8D%CF%81%CE%BF.html,15187-0004,Τηλ. Κινητά
NSP Εξωτερική USB Κάρτα Ήχου 2.0,14.99,https://www.skroutz.gr/s/23880855/NSP-%CE%95%CE%BE%CF%89%CF%84%CE%B5%CF%81%CE%B9%CE%BA%CE%AE-USB-%CE%9A%CE%AC%CF%81%CF%84%CE%B1-%CE%89%CF%87%CE%BF%CF%85-2-0.html,151101-0001,Αξεσουάρ
NSP SC01 Εξωτερική USB Κάρτα Ήχου 7.1,14.99,https://www.skroutz.gr/s/17599171/NSP-SC01-%CE%95%CE%BE%CF%89%CF%84%CE%B5%CF%81%CE%B9%CE%BA%CE%AE-USB-%CE%9A%CE%AC%CF%81%CF%84%CE%B1-%CE%89%CF%87%CE%BF%CF%85-7-1.html,151101-0001,Αξεσουάρ
Volte-Tel 8274404,11.99,https://www.skroutz.gr/s/27241652/Volte-Tel-8274404.html,15189-0016,Αξεσουάρ
NSP Lightning male - HDMI female,24.99,https://www.skroutz.gr/s/29181086/NSP-Lightning-male-HDMI-female.html,151101-0002,Αξεσουάρ
NSP Micro USB male Magnetic for NSC01,3.99,https://www.skroutz.gr/s/26617564/NSP-Micro-USB-male-Magnetic-for-NSC01.html,151101-0003,Αξεσουάρ
NSP BN400 Earbud Bluetooth Handsfree Μαύρο,21.99,https://www.skroutz.gr/s/24991107/NSP-BN400-Earbud-Bluetooth-Handsfree-%CE%9C%CE%B1%CF%8D%CF%81%CE%BF.html,15191-0002,Αξεσουάρ
Osio ACO-5635CUBT Ηχοσύστημα Αυτοκινήτου (Bluetooth/USB/AUX) με Αποσπώμενη Πρόσοψη,69.9,https://www.skroutz.gr/s/34039054/Osio-ACO-5635CUBT-%CE%97%CF%87%CE%BF%CF%83%CF%8D%CF%83%CF%84%CE%B7%CE%BC%CE%B1-%CE%91%CF%85%CF%84%CE%BF%CE%BA%CE%B9%CE%BD%CE%AE%CF%84%CE%BF%CF%85-Bluetooth-USB-AUX-%CE%BC%CE%B5-%CE%91%CF%80%CE%BF%CF%83%CF%80%CF%8E%CE%BC%CE%B5%CE%BD%CE%B7-%CE%A0%CF%81%CF%8C%CF%83%CE%BF%CF%88%CE%B7.html,112216-0009,Ηχοσυστήματα Αυτ.
Osio ACO-5625CUBT Ηχοσύστημα Αυτοκινήτου (Bluetooth/USB/AUX),59.9,https://www.skroutz.gr/s/34039160/Osio-ACO-5625CUBT-%CE%97%CF%87%CE%BF%CF%83%CF%8D%CF%83%CF%84%CE%B7%CE%BC%CE%B1-%CE%91%CF%85%CF%84%CE%BF%CE%BA%CE%B9%CE%BD%CE%AE%CF%84%CE%BF%CF%85-Bluetooth-USB-AUX.html,112216-0008,Ηχοσυστήματα Αυτ.
Akai Ηχείο με λειτουργία Karaoke Party Speaker 260 σε Μαύρο Χρώμα,199.9,https://www.skroutz.gr/s/34246878/Akai-%CE%97%CF%87%CE%B5%CE%AF%CE%BF-%CE%BC%CE%B5-%CE%BB%CE%B5%CE%B9%CF%84%CE%BF%CF%85%CF%81%CE%B3%CE%AF%CE%B1-Karaoke-Party-Speaker-260-%CF%83%CE%B5-%CE%9C%CE%B1%CF%8D%CF%81%CE%BF-%CE%A7%CF%81%CF%8E%CE%BC%CE%B1.html,110582-0108,Ηχεία
Akai APR-200 Επιτραπέζιο Ραδιόφωνο Ρεύματος / Μπαταρίας Μαύρο,39.9,https://www.skroutz.gr/s/34246679/Akai-APR-200-%CE%95%CF%80%CE%B9%CF%84%CF%81%CE%B1%CF%80%CE%AD%CE%B6%CE%B9%CE%BF-%CE%A1%CE%B1%CE%B4%CE%B9%CF%8C%CF%86%CF%89%CE%BD%CE%BF-%CE%A1%CE%B5%CF%8D%CE%BC%CE%B1%CF%84%CE%BF%CF%82-%CE%9C%CF%80%CE%B1%CF%84%CE%B1%CF%81%CE%AF%CE%B1%CF%82-%CE%9C%CE%B1%CF%8D%CF%81%CE%BF.html,110583-0013,Ραδιόφωνα
Akai ATT-14BT Πικάπ με Προενίσχυση και Ενσωματωμένα Ηχεία Μαύρο,169.9,https://www.skroutz.gr/s/34247798/Akai-ATT-14BT-%CE%A0%CE%B9%CE%BA%CE%AC%CF%80-%CE%BC%CE%B5-%CE%A0%CF%81%CE%BF%CE%B5%CE%BD%CE%AF%CF%83%CF%87%CF%85%CF%83%CE%B7-%CE%BA%CE%B1%CE%B9-%CE%95%CE%BD%CF%83%CF%89%CE%BC%CE%B1%CF%84%CF%89%CE%BC%CE%AD%CE%BD%CE%B1-%CE%97%CF%87%CE%B5%CE%AF%CE%B1-%CE%9C%CE%B1%CF%8D%CF%81%CE%BF.html,110584-0006,Πικάπ
Akai Ασύρματα/Ενσύρματα Over Ear Ακουστικά με 8 ώρες Λειτουργίας Μαύρα,49.9,https://www.skroutz.gr/s/34245493/Akai-%CE%91%CF%83%CF%8D%CF%81%CE%BC%CE%B1%CF%84%CE%B1-%CE%95%CE%BD%CF%83%CF%8D%CF%81%CE%BC%CE%B1%CF%84%CE%B1-Over-Ear-%CE%91%CE%BA%CE%BF%CF%85%CF%83%CF%84%CE%B9%CE%BA%CE%AC-%CE%BC%CE%B5-8-%CF%8E%CF%81%CE%B5%CF%82-%CE%9B%CE%B5%CE%B9%CF%84%CE%BF%CF%85%CF%81%CE%B3%CE%AF%CE%B1%CF%82-%CE%9C%CE%B1%CF%8D%CF%81%CE%B1.html,110591-0001,Ακουστικά
Akai P23 Ασύρματα/Ενσύρματα Over Ear Ακουστικά με 8 ώρες Λειτουργίας Μαύρα,26.9,https://www.skroutz.gr/s/34245697/Akai-P23-%CE%91%CF%83%CF%8D%CF%81%CE%BC%CE%B1%CF%84%CE%B1-%CE%95%CE%BD%CF%83%CF%8D%CF%81%CE%BC%CE%B1%CF%84%CE%B1-Over-Ear-%CE%91%CE%BA%CE%BF%CF%85%CF%83%CF%84%CE%B9%CE%BA%CE%AC-%CE%BC%CE%B5-8-%CF%8E%CF%81%CE%B5%CF%82-%CE%9B%CE%B5%CE%B9%CF%84%CE%BF%CF%85%CF%81%CE%B3%CE%AF%CE%B1%CF%82-%CE%9C%CE%B1%CF%8D%CF%81%CE%B1.html,110591-0002,Ακουστικά
First Austria Ηλεκτρική Βούρτσα 950W,32.9,https://www.skroutz.gr/s/34290646/First-Austria-%CE%97%CE%BB%CE%B5%CE%BA%CF%84%CF%81%CE%B9%CE%BA%CE%AE-%CE%92%CE%BF%CF%8D%CF%81%CF%84%CF%83%CE%B1-FA-5651-950W.html,199204-0080,Μικροσυσκευές
First Austria FA-5096-8 Επιτραπέζια Εστία Κεραμική Μονή Μαύρη,69.9,https://www.skroutz.gr/s/34340792/First-Austria-FA-5096-8-%CE%95%CF%80%CE%B9%CF%84%CF%81%CE%B1%CF%80%CE%AD%CE%B6%CE%B9%CE%B1-%CE%95%CF%83%CF%84%CE%AF%CE%B1-%CE%9A%CE%B5%CF%81%CE%B1%CE%BC%CE%B9%CE%BA%CE%AE-%CE%9C%CE%BF%CE%BD%CE%AE-%CE%9C%CE%B1%CF%8D%CF%81%CE%B7.html,199194-0017,Μικροσυσκευές
First Austria FA-5225-3 Ηλεκτρικός Στίφτης 25W με Χωρητικότητα 700ml Κίτρινος,17.9,https://www.skroutz.gr/s/34278259/First-Austria-FA-5225-3-%CE%97%CE%BB%CE%B5%CE%BA%CF%84%CF%81%CE%B9%CE%BA%CF%8C%CF%82-%CE%A3%CF%84%CE%AF%CF%86%CF%84%CE%B7%CF%82-25W-%CE%BC%CE%B5-%CE%A7%CF%89%CF%81%CE%B7%CF%84%CE%B9%CE%BA%CF%8C%CF%84%CE%B7%CF%84%CE%B1-700ml-%CE%9A%CE%AF%CF%84%CF%81%CE%B9%CE%BD%CE%BF%CF%82.html,199196-0066,Μικροσυσκευές
First Austria FA-5272-5 Ραβδομπλέντερ με Ανοξείδωτη Ράβδο 400W Ασημί,29.9,https://www.skroutz.gr/s/34274763/First-Austria-FA-5272-5-%CE%A1%CE%B1%CE%B2%CE%B4%CE%BF%CE%BC%CF%80%CE%BB%CE%AD%CE%BD%CF%84%CE%B5%CF%81-%CE%BC%CE%B5-%CE%91%CE%BD%CE%BF%CE%BE%CE%B5%CE%AF%CE%B4%CF%89%CF%84%CE%B7-%CE%A1%CE%AC%CE%B2%CE%B4%CE%BF-400W-%CE%91%CF%83%CE%B7%CE%BC%CE%AF.html,199196-0067,Μικροσυσκευές
First Austria FA-8006-3 Ψηφιακή Ζυγαριά με Λιπομετρητή σε Ασημί χρώμα,18.9,https://www.skroutz.gr/s/17181301/First-Austria-FA-8006-3-%CE%A8%CE%B7%CF%86%CE%B9%CE%B1%CE%BA%CE%AE-%CE%96%CF%85%CE%B3%CE%B1%CF%81%CE%B9%CE%AC-%CE%BC%CE%B5-%CE%9B%CE%B9%CF%80%CE%BF%CE%BC%CE%B5%CF%84%CF%81%CE%B7%CF%84%CE%AE-%CF%83%CE%B5-%CE%91%CF%83%CE%B7%CE%BC%CE%AF-%CF%87%CF%81%CF%8E%CE%BC%CE%B1.html,199212-0040,Μικροσυσκευές
First Austria FA-8006-3 Ψηφιακή Ζυγαριά με Λιπομετρητή σε Μαύρο χρώμα,18.9,https://www.skroutz.gr/s/17181357/First-Austria-FA-8006-3-%CE%A8%CE%B7%CF%86%CE%B9%CE%B1%CE%BA%CE%AE-%CE%96%CF%85%CE%B3%CE%B1%CF%81%CE%B9%CE%AC-%CE%BC%CE%B5-%CE%9B%CE%B9%CF%80%CE%BF%CE%BC%CE%B5%CF%84%CF%81%CE%B7%CF%84%CE%AE-%CF%83%CE%B5-%CE%9C%CE%B1%CF%8D%CF%81%CE%BF-%CF%87%CF%81%CF%8E%CE%BC%CE%B1.html,199212-0039,Μικροσυσκευές
First Austria Crystal FA-5406-2 Βραστήρας 1.7lt 2200W Μαύρος,24.9,https://www.skroutz.gr/s/8119455/First-Austria-Crystal-FA-5406-2-%CE%92%CF%81%CE%B1%CF%83%CF%84%CE%AE%CF%81%CE%B1%CF%82-1-7lt-2200W-%CE%9C%CE%B1%CF%8D%CF%81%CE%BF%CF%82.html,199202-0010,Μικροσυσκευές
First Austria Crystal FA-5406-2-WI Βραστήρας 1.7lt 2200W Inox,24.9,https://www.skroutz.gr/s/19127853/First-Austria-Crystal-FA-5406-2-WI-%CE%92%CF%81%CE%B1%CF%83%CF%84%CE%AE%CF%81%CE%B1%CF%82-1-7lt-2200W-Inox.html,199202-0030,Μικροσυσκευές
Kalorik TKG WM 1050 CO Βαφλιέρα σε Στρογγυλό Σχήμα 1000W,49.9,https://www.skroutz.gr/s/23104544/Kalorik-TKG-WM-1050-CO-%CE%92%CE%B1%CF%86%CE%BB%CE%B9%CE%AD%CF%81%CE%B1-%CF%83%CE%B5-%CE%A3%CF%84%CF%81%CE%BF%CE%B3%CE%B3%CF%85%CE%BB%CF%8C-%CE%A3%CF%87%CE%AE%CE%BC%CE%B1-1000W.html,196201-0032,Μικροσυσκευές
First Austria FA-5120-1 Γιαουρτομηχανή με Κάδο 1lt Λευκή 20W,24.9,https://www.skroutz.gr/s/21170644/First-Austria-FA-5120-1-%CE%93%CE%B9%CE%B1%CE%BF%CF%85%CF%81%CF%84%CE%BF%CE%BC%CE%B7%CF%87%CE%B1%CE%BD%CE%AE-%CE%BC%CE%B5-%CE%9A%CE%AC%CE%B4%CE%BF-1lt-%CE%9B%CE%B5%CF%85%CE%BA%CE%AE-20W.html,199201-0026,Μικροσυσκευές
First Austria FA-5053-5 Πολυμάγειρας 1700W,199,https://www.skroutz.gr/s/34397134/First-Austria-FA-5053-5-%CE%A0%CE%BF%CE%BB%CF%85%CE%BC%CE%AC%CE%B3%CE%B5%CE%B9%CF%81%CE%B1%CF%82-1700W.html,199222-0010,Μικροσυσκευές
Osio OST-3540D Ψηφιακός Δέκτης Mpeg-4 Full HD (1080p) με Λειτουργία PVR (Εγγραφή σε USB) Σύνδεση USB,27.9,https://www.skroutz.gr/s/34493777/Osio-OST-3540D-%CE%A8%CE%B7%CF%86%CE%B9%CE%B1%CE%BA%CF%8C%CF%82-%CE%94%CE%AD%CE%BA%CF%84%CE%B7%CF%82-Mpeg-4-Full-HD-1080p-%CE%BC%CE%B5-%CE%9B%CE%B5%CE%B9%CF%84%CE%BF%CF%85%CF%81%CE%B3%CE%AF%CE%B1-PVR-%CE%95%CE%B3%CE%B3%CF%81%CE%B1%CF%86%CE%AE-%CF%83%CE%B5-USB-%CE%A3%CF%8D%CE%BD%CE%B4%CE%B5%CF%83%CE%B7-USB.html,112080-0004,Αποκωδικοποιητές
Osio OST-3545D Ψηφιακός Δέκτης Mpeg-4 Full HD (1080p) με Λειτουργία PVR (Εγγραφή σε USB) Σύνδεση USB,29.9,https://www.skroutz.gr/s/34493928/Osio-OST-3545D-%CE%A8%CE%B7%CF%86%CE%B9%CE%B1%CE%BA%CF%8C%CF%82-%CE%94%CE%AD%CE%BA%CF%84%CE%B7%CF%82-Mpeg-4-Full-HD-1080p-%CE%BC%CE%B5-%CE%9B%CE%B5%CE%B9%CF%84%CE%BF%CF%85%CF%81%CE%B3%CE%AF%CE%B1-PVR-%CE%95%CE%B3%CE%B3%CF%81%CE%B1%CF%86%CE%AE-%CF%83%CE%B5-USB-%CE%A3%CF%8D%CE%BD%CE%B4%CE%B5%CF%83%CE%B7-USB.html,112080-0005,Αποκωδικοποιητές
Osio OHF-2035 Ταχυθερμαντήρας Κουζίνας Ηλεκτρικός Μονοφασικός 3.3kW,69.9,https://www.skroutz.gr/s/34650980/Osio-OHF-2035-%CE%A4%CE%B1%CF%87%CF%85%CE%B8%CE%B5%CF%81%CE%BC%CE%B1%CE%BD%CF%84%CE%AE%CF%81%CE%B1%CF%82-%CE%9A%CE%BF%CF%85%CE%B6%CE%AF%CE%BD%CE%B1%CF%82-%CE%97%CE%BB%CE%B5%CE%BA%CF%84%CF%81%CE%B9%CE%BA%CF%8C%CF%82-%CE%9C%CE%BF%CE%BD%CE%BF%CF%86%CE%B1%CF%83%CE%B9%CE%BA%CF%8C%CF%82-3-3kW.html,10068-0009,Μικροσυσκευές
Osio Βρύση Οθόνη Ένδειξης Θερμοκρασίας Ταχυθερμαντήρας Μπάνιου Ηλεκτρικός Διφασικός 3.3kW,49.9,https://www.skroutz.gr/s/34623477/Osio-%CE%92%CF%81%CF%8D%CF%83%CE%B7-%CE%9F%CE%B8%CF%8C%CE%BD%CE%B7-%CE%88%CE%BD%CE%B4%CE%B5%CE%B9%CE%BE%CE%B7%CF%82-%CE%98%CE%B5%CF%81%CE%BC%CE%BF%CE%BA%CF%81%CE%B1%CF%83%CE%AF%CE%B1%CF%82-%CE%A4%CE%B1%CF%87%CF%85%CE%B8%CE%B5%CF%81%CE%BC%CE%B1%CE%BD%CF%84%CE%AE%CF%81%CE%B1%CF%82-%CE%9C%CF%80%CE%AC%CE%BD%CE%B9%CE%BF%CF%85-%CE%97%CE%BB%CE%B5%CE%BA%CF%84%CF%81%CE%B9%CE%BA%CF%8C%CF%82-%CE%94%CE%B9%CF%86%CE%B1%CF%83%CE%B9%CE%BA%CF%8C%CF%82-3-3kW.html,10068-0010,Μικροσυσκευές
Olympia NC 345,129.9,https://www.skroutz.gr/s/34573766/Olympia-NC-345-110649-0078.html,110649-0078,Είδη Γραφείου
Olympia Καταμετρητής Χαρτονομισμάτων NC 355,164.9,https://www.skroutz.gr/s/34571652/Olympia-%CE%9A%CE%B1%CF%84%CE%B1%CE%BC%CE%B5%CF%84%CF%81%CE%B7%CF%84%CE%AE%CF%82-%CE%A7%CE%B1%CF%81%CF%84%CE%BF%CE%BD%CE%BF%CE%BC%CE%B9%CF%83%CE%BC%CE%AC%CF%84%CF%89%CE%BD-NC-355-110649-0079.html,110649-0079,Είδη Γραφείου
Olympia Καταμετρητής Χαρτονομισμάτων NC 365,179.9,https://www.skroutz.gr/s/34571435/Olympia-%CE%9A%CE%B1%CF%84%CE%B1%CE%BC%CE%B5%CF%84%CF%81%CE%B7%CF%84%CE%AE%CF%82-%CE%A7%CE%B1%CF%81%CF%84%CE%BF%CE%BD%CE%BF%CE%BC%CE%B9%CF%83%CE%BC%CE%AC%CF%84%CF%89%CE%BD-NC-365-110649-0080.html,110649-0080,Είδη Γραφείου
Olympia Καταμετρητής Χαρτονομισμάτων NC 520 Plus,234.9,https://www.skroutz.gr/s/18840987/Olympia-%CE%9A%CE%B1%CF%84%CE%B1%CE%BC%CE%B5%CF%84%CF%81%CE%B7%CF%84%CE%AE%CF%82-%CE%A7%CE%B1%CF%81%CF%84%CE%BF%CE%BD%CE%BF%CE%BC%CE%B9%CF%83%CE%BC%CE%AC%CF%84%CF%89%CE%BD-NC-520-Plus.html,110649-0081,Είδη Γραφείου
Philips SDV5300 Εσωτερική Κεραία Τηλεόρασης (απαιτεί τροφοδοσία) σε Μαύρο Χρώμα Σύνδεση με Ομοαξονικό (Coaxial) Καλώδιο,19.9,https://www.skroutz.gr/s/34871346/Philips-SDV5300-%CE%95%CF%83%CF%89%CF%84%CE%B5%CF%81%CE%B9%CE%BA%CE%AE-%CE%9A%CE%B5%CF%81%CE%B1%CE%AF%CE%B1-%CE%A4%CE%B7%CE%BB%CE%B5%CF%8C%CF%81%CE%B1%CF%83%CE%B7%CF%82-%CE%B1%CF%80%CE%B1%CE%B9%CF%84%CE%B5%CE%AF-%CF%84%CF%81%CE%BF%CF%86%CE%BF%CE%B4%CE%BF%CF%83%CE%AF%CE%B1-%CF%83%CE%B5-%CE%9C%CE%B1%CF%8D%CF%81%CE%BF-%CE%A7%CF%81%CF%8E%CE%BC%CE%B1-%CE%A3%CF%8D%CE%BD%CE%B4%CE%B5%CF%83%CE%B7-%CE%BC%CE%B5-%CE%9F%CE%BC%CE%BF%CE%B1%CE%BE%CE%BF%CE%BD%CE%B9%CE%BA%CF%8C-Coaxial-%CE%9A%CE%B1%CE%BB%CF%8E%CE%B4%CE%B9%CE%BF.html,1150301-0005,Κεραίες
Osio OHF-2551S Ταχυθερμοσίφωνας Μπάνιου / Κουζίνας Ηλεκτρικός Μονοφασικός 5.5kW,129.9,https://www.skroutz.gr/s/34888042/Osio-OHF-2551S-%CE%A4%CE%B1%CF%87%CF%85%CE%B8%CE%B5%CF%81%CE%BC%CE%BF%CF%83%CE%AF%CF%86%CF%89%CE%BD%CE%B1%CF%82-%CE%9C%CF%80%CE%AC%CE%BD%CE%B9%CE%BF%CF%85-%CE%9A%CE%BF%CF%85%CE%B6%CE%AF%CE%BD%CE%B1%CF%82-%CE%97%CE%BB%CE%B5%CE%BA%CF%84%CF%81%CE%B9%CE%BA%CF%8C%CF%82-%CE%9C%CE%BF%CE%BD%CE%BF%CF%86%CE%B1%CF%83%CE%B9%CE%BA%CF%8C%CF%82-5-5kW.html,10068-0011,Μικροσυσκευές
First Austria Συσκευή Μασάζ για τα Πόδια FA-8116-3 3 Προγραμμάτων με Φυσαλίδες και Υπέρυθρες 80W,59.9,https://www.skroutz.gr/s/34936789/First-Austria-%CE%A3%CF%85%CF%83%CE%BA%CE%B5%CF%85%CE%AE-%CE%9C%CE%B1%CF%83%CE%AC%CE%B6-%CE%B3%CE%B9%CE%B1-%CF%84%CE%B1-%CE%A0%CF%8C%CE%B4%CE%B9%CE%B1-FA-8116-3-3-%CE%A0%CF%81%CE%BF%CE%B3%CF%81%CE%B1%CE%BC%CE%BC%CE%AC%CF%84%CF%89%CE%BD-%CE%BC%CE%B5-%CE%A6%CF%85%CF%83%CE%B1%CE%BB%CE%AF%CE%B4%CE%B5%CF%82-%CE%BA%CE%B1%CE%B9-%CE%A5%CF%80%CE%AD%CF%81%CF%85%CE%B8%CF%81%CE%B5%CF%82-80W.html,199220-0008,Μικροσυσκευές
First Austria Συσκευή Μασάζ για τα Πόδια FA-8115-4 450W,89.9,https://www.skroutz.gr/s/34936844/First-Austria-%CE%A3%CF%85%CF%83%CE%BA%CE%B5%CF%85%CE%AE-%CE%9C%CE%B1%CF%83%CE%AC%CE%B6-%CE%B3%CE%B9%CE%B1-%CF%84%CE%B1-%CE%A0%CF%8C%CE%B4%CE%B9%CE%B1-FA-8115-4-450W.html,199220-0007,Μικροσυσκευές
Philips SPN5140YB/GRS Πολύπριζο 4 Θέσεων με Διακόπτη και Καλώδιο 3m Μαύρο,29.9,https://www.skroutz.gr/s/34929460/Philips-SPN5140YB-GRS-%CE%A0%CE%BF%CE%BB%CF%8D%CF%80%CF%81%CE%B9%CE%B6%CE%BF-4-%CE%98%CE%AD%CF%83%CE%B5%CF%89%CE%BD-%CE%BC%CE%B5-%CE%94%CE%B9%CE%B1%CE%BA%CF%8C%CF%80%CF%84%CE%B7-%CE%BA%CE%B1%CE%B9-%CE%9A%CE%B1%CE%BB%CF%8E%CE%B4%CE%B9%CE%BF-3m-%CE%9C%CE%B1%CF%8D%CF%81%CE%BF-1135100-0001.html,1135100-0001,Πολύπριζα
Philips SPN5140YC/GRS Πολύπριζο 4 Θέσεων με Διακόπτη και Καλώδιο 5m Μαύρο,34.9,https://www.skroutz.gr/s/34929461/Philips-SPN5140YC-GRS-%CE%A0%CE%BF%CE%BB%CF%8D%CF%80%CF%81%CE%B9%CE%B6%CE%BF-4-%CE%98%CE%AD%CF%83%CE%B5%CF%89%CE%BD-%CE%BC%CE%B5-%CE%94%CE%B9%CE%B1%CE%BA%CF%8C%CF%80%CF%84%CE%B7-%CE%BA%CE%B1%CE%B9-%CE%9A%CE%B1%CE%BB%CF%8E%CE%B4%CE%B9%CE%BF-5m-%CE%9C%CE%B1%CF%8D%CF%81%CE%BF-1135100-0002.html,1135100-0002,Πολύπριζα
Akai Φορητό Ηχοσύστημα APRC-108 με CD / USB / Ραδιόφωνο σε Μαύρο Χρώμα,59.9,https://www.skroutz.gr/s/11501155/Akai-%CE%A6%CE%BF%CF%81%CE%B7%CF%84%CF%8C-%CE%97%CF%87%CE%BF%CF%83%CF%8D%CF%83%CF%84%CE%B7%CE%BC%CE%B1-APRC-108-1001011122-%CE%BC%CE%B5-CD-USB-%CE%A1%CE%B1%CE%B4%CE%B9%CF%8C%CF%86%CF%89%CE%BD%CE%BF-%CF%83%CE%B5-%CE%9C%CE%B1%CF%8D%CF%81%CE%BF-%CE%A7%CF%81%CF%8E%CE%BC%CE%B1.html,110583-0002,Ραδιόφωνα
Motorola CD5001 Ασύρματο Τηλέφωνο με Aνοιχτή Aκρόαση Γκρι,69.9,https://www.skroutz.gr/s/30195223/Motorola-CD5001-%CE%91%CF%83%CF%8D%CF%81%CE%BC%CE%B1%CF%84%CE%BF-%CE%A4%CE%B7%CE%BB%CE%AD%CF%86%CF%89%CE%BD%CE%BF-%CE%BC%CE%B5-A%CE%BD%CE%BF%CE%B9%CF%87%CF%84%CE%AE-A%CE%BA%CF%81%CF%8C%CE%B1%CF%83%CE%B7-%CE%93%CE%BA%CF%81%CE%B9.html,14587-0118,Τηλ. Ασύρματα
Motorola C1001LB Ασύρματο Τηλέφωνο Λευκό,24.9,https://www.skroutz.gr/s/21210843/Motorola-C1001LB-%CE%91%CF%83%CF%8D%CF%81%CE%BC%CE%B1%CF%84%CE%BF-%CE%A4%CE%B7%CE%BB%CE%AD%CF%86%CF%89%CE%BD%CE%BF-%CE%9B%CE%B5%CF%85%CE%BA%CF%8C.html,14587-9219,Τηλ. Ασύρματα
Motorola C1001LB Ασύρματο Τηλέφωνο,24.9,https://www.skroutz.gr/s/7005184/Motorola-C1001LB-%CE%91%CF%83%CF%8D%CF%81%CE%BC%CE%B1%CF%84%CE%BF-%CE%A4%CE%B7%CE%BB%CE%AD%CF%86%CF%89%CE%BD%CE%BF.html,14587-9211,Τηλ. Ασύρματα
Philips SDV5225 Εσωτερική Κεραία Τηλεόρασης (απαιτεί τροφοδοσία) σε Μαύρο Χρώμα Σύνδεση με Ομοαξονικό (Coaxial) Καλώδιο,28.9,https://www.skroutz.gr/s/400240/Philips-SDV5225-%CE%95%CF%83%CF%89%CF%84%CE%B5%CF%81%CE%B9%CE%BA%CE%AE-%CE%9A%CE%B5%CF%81%CE%B1%CE%AF%CE%B1-%CE%A4%CE%B7%CE%BB%CE%B5%CF%8C%CF%81%CE%B1%CF%83%CE%B7%CF%82-%CE%B1%CF%80%CE%B1%CE%B9%CF%84%CE%B5%CE%AF-%CF%84%CF%81%CE%BF%CF%86%CE%BF%CE%B4%CE%BF%CF%83%CE%AF%CE%B1-%CF%83%CE%B5-%CE%9C%CE%B1%CF%8D%CF%81%CE%BF-%CE%A7%CF%81%CF%8E%CE%BC%CE%B1-%CE%A3%CF%8D%CE%BD%CE%B4%CE%B5%CF%83%CE%B7-%CE%BC%CE%B5-%CE%9F%CE%BC%CE%BF%CE%B1%CE%BE%CE%BF%CE%BD%CE%B9%CE%BA%CF%8C-Coaxial-%CE%9A%CE%B1%CE%BB%CF%8E%CE%B4%CE%B9%CE%BF.html,145301-0001,Κεραίες
Kalorik FTL 1500 Φριτέζα Αέρος με Αποσπώμενο Κάδο 1.6lt Μαύρη,99.9,https://www.skroutz.gr/s/35274927/Kalorik-FTL-1500-%CE%A6%CF%81%CE%B9%CF%84%CE%AD%CE%B6%CE%B1-%CE%91%CE%AD%CF%81%CE%BF%CF%82-%CE%BC%CE%B5-%CE%91%CF%80%CE%BF%CF%83%CF%80%CF%8E%CE%BC%CE%B5%CE%BD%CE%BF-%CE%9A%CE%AC%CE%B4%CE%BF-1-6lt-%CE%9C%CE%B1%CF%8D%CF%81%CE%B7.html,196222-0004,Μικροσυσκευές
Kalorik BU Σετ Ηλεκτρικοί Μύλοι Μπαχαρικών Κεραμικοί 21.5cm 2τμχ,19.9,https://www.skroutz.gr/s/35281465/Kalorik-BU-%CE%A3%CE%B5%CF%84-%CE%97%CE%BB%CE%B5%CE%BA%CF%84%CF%81%CE%B9%CE%BA%CE%BF%CE%AF-%CE%9C%CF%8D%CE%BB%CE%BF%CE%B9-%CE%9C%CF%80%CE%B1%CF%87%CE%B1%CF%81%CE%B9%CE%BA%CF%8E%CE%BD-%CE%9A%CE%B5%CF%81%CE%B1%CE%BC%CE%B9%CE%BA%CE%BF%CE%AF-21-5cm-196196-0020-2%CF%84%CE%BC%CF%87.html,196196-0020,Μικροσυσκευές
Kalorik FE 1010 KTO Αποχυμωτής 150W Inox Κόκκινος,79.9,https://www.skroutz.gr/s/35429800/Kalorik-FE-1010-KTO-%CE%91%CF%80%CE%BF%CF%87%CF%85%CE%BC%CF%89%CF%84%CE%AE%CF%82-150W-Inox-%CE%9A%CF%8C%CE%BA%CE%BA%CE%B9%CE%BD%CE%BF%CF%82.html,196196-0021,Μικροσυσκευές
Kalorik SFC 2000 Ατμοκαθαριστής Πίεσης 4bar με Ρόδες και Κοντάρι,129.9,https://www.skroutz.gr/s/35429568/Kalorik-SFC-2000-%CE%91%CF%84%CE%BC%CE%BF%CE%BA%CE%B1%CE%B8%CE%B1%CF%81%CE%B9%CF%83%CF%84%CE%AE%CF%82-%CE%A0%CE%AF%CE%B5%CF%83%CE%B7%CF%82-4bar-%CE%BC%CE%B5-%CE%A1%CF%8C%CE%B4%CE%B5%CF%82-%CE%BA%CE%B1%CE%B9-%CE%9A%CE%BF%CE%BD%CF%84%CE%AC%CF%81%CE%B9.html,196198-0019,Μικροσυσκευές
Kalorik Rac 1018 Ηλεκτρική Ψησταριά Raclette 400W,29.9,https://www.skroutz.gr/s/35284233/Kalorik-Rac-1018-%CE%97%CE%BB%CE%B5%CE%BA%CF%84%CF%81%CE%B9%CE%BA%CE%AE-%CE%A8%CE%B7%CF%83%CF%84%CE%B1%CF%81%CE%B9%CE%AC-Raclette-400W.html,196199-0022,Μικροσυσκευές
Kalorik EM 1001 BK Ηλεκτρικό Μαχαίρι 95W Μαύρο,39.9,https://www.skroutz.gr/s/35400914/Kalorik-EM-1001-BK-%CE%97%CE%BB%CE%B5%CE%BA%CF%84%CF%81%CE%B9%CE%BA%CF%8C-%CE%9C%CE%B1%CF%87%CE%B1%CE%AF%CF%81%CE%B9-95W-%CE%9C%CE%B1%CF%8D%CF%81%CE%BF.html,196201-0033,Μικροσυσκευές
Kalorik TMUG 1000 Ποτήρι Θερμός με Θερμοστάτη Μαύρο 380ml,44.9,https://www.skroutz.gr/s/35423775/Kalorik-TMUG-1000-%CE%A0%CE%BF%CF%84%CE%AE%CF%81%CE%B9-%CE%98%CE%B5%CF%81%CE%BC%CF%8C%CF%82-%CE%BC%CE%B5-%CE%98%CE%B5%CF%81%CE%BC%CE%BF%CF%83%CF%84%CE%AC%CF%84%CE%B7-%CE%9C%CE%B1%CF%8D%CF%81%CE%BF-380ml.html,196202-0013,Μικροσυσκευές
Kalorik TMUG 1000 Ποτήρι Θερμός με Θερμοστάτη Λευκό 380ml,44.9,https://www.skroutz.gr/s/35423811/Kalorik-TMUG-1000-%CE%A0%CE%BF%CF%84%CE%AE%CF%81%CE%B9-%CE%98%CE%B5%CF%81%CE%BC%CF%8C%CF%82-%CE%BC%CE%B5-%CE%98%CE%B5%CF%81%CE%BC%CE%BF%CF%83%CF%84%CE%AC%CF%84%CE%B7-%CE%9B%CE%B5%CF%85%CE%BA%CF%8C-380ml.html,196202-0014,Μικροσυσκευές
Kalorik Τηγάνι από Αλουμίνιο με Αντικολλητική Επίστρωση 20cm,24.9,https://www.skroutz.gr/s/35241154/Kalorik-%CE%A4%CE%B7%CE%B3%CE%AC%CE%BD%CE%B9-%CE%B1%CF%80%CF%8C-%CE%91%CE%BB%CE%BF%CF%85%CE%BC%CE%AF%CE%BD%CE%B9%CE%BF-%CE%BC%CE%B5-%CE%91%CE%BD%CF%84%CE%B9%CE%BA%CE%BF%CE%BB%CE%BB%CE%B7%CF%84%CE%B9%CE%BA%CE%AE-%CE%95%CF%80%CE%AF%CF%83%CF%84%CF%81%CF%89%CF%83%CE%B7-20cm-PAN2000.html?from=catspan,196207-0012,Σκεύη Μαγειρικής
Kalorik Τηγάνι από Αλουμίνιο με Αντικολλητική Επίστρωση 24cm,28.9,https://www.skroutz.gr/s/35240936/Kalorik-%CE%A4%CE%B7%CE%B3%CE%AC%CE%BD%CE%B9-%CE%B1%CF%80%CF%8C-%CE%91%CE%BB%CE%BF%CF%85%CE%BC%CE%AF%CE%BD%CE%B9%CE%BF-%CE%BC%CE%B5-%CE%91%CE%BD%CF%84%CE%B9%CE%BA%CE%BF%CE%BB%CE%BB%CE%B7%CF%84%CE%B9%CE%BA%CE%AE-%CE%95%CF%80%CE%AF%CF%83%CF%84%CF%81%CF%89%CF%83%CE%B7-24cm-PAN2001.html?from=catspan,196207-0013,Σκεύη Μαγειρικής
Kalorik Τηγάνι από Αλουμίνιο με Αντικολλητική Επίστρωση 28cm,30.9,https://www.skroutz.gr/s/35241282/Kalorik-%CE%A4%CE%B7%CE%B3%CE%AC%CE%BD%CE%B9-%CE%B1%CF%80%CF%8C-%CE%91%CE%BB%CE%BF%CF%85%CE%BC%CE%AF%CE%BD%CE%B9%CE%BF-%CE%BC%CE%B5-%CE%91%CE%BD%CF%84%CE%B9%CE%BA%CE%BF%CE%BB%CE%BB%CE%B7%CF%84%CE%B9%CE%BA%CE%AE-%CE%95%CF%80%CE%AF%CF%83%CF%84%CF%81%CF%89%CF%83%CE%B7-28cm-PAN2002.html?from=catspan,196207-0014,Σκεύη Μαγειρικής
Kalorik Βαθιά Κατσαρόλα από Αλουμίνιο 2.5lt / 20cm,31.9,https://www.skroutz.gr/s/35240901/Kalorik-%CE%92%CE%B1%CE%B8%CE%B9%CE%AC-%CE%9A%CE%B1%CF%84%CF%83%CE%B1%CF%81%CF%8C%CE%BB%CE%B1-%CE%B1%CF%80%CF%8C-%CE%91%CE%BB%CE%BF%CF%85%CE%BC%CE%AF%CE%BD%CE%B9%CE%BF-2-5lt-20cm-POT2000.html,196207-0015,Σκεύη Μαγειρικής
Kalorik Κατσαρολάκι Γάλακτος από Αλουμίνιο με Αντικολλητική Επίστρωση 1.6lt / 16cm,26.9,https://www.skroutz.gr/s/35241488/Kalorik-%CE%9A%CE%B1%CF%84%CF%83%CE%B1%CF%81%CE%BF%CE%BB%CE%AC%CE%BA%CE%B9-%CE%93%CE%AC%CE%BB%CE%B1%CE%BA%CF%84%CE%BF%CF%82-%CE%B1%CF%80%CF%8C-%CE%91%CE%BB%CE%BF%CF%85%CE%BC%CE%AF%CE%BD%CE%B9%CE%BF-%CE%BC%CE%B5-%CE%91%CE%BD%CF%84%CE%B9%CE%BA%CE%BF%CE%BB%CE%BB%CE%B7%CF%84%CE%B9%CE%BA%CE%AE-%CE%95%CF%80%CE%AF%CF%83%CF%84%CF%81%CF%89%CF%83%CE%B7-1-6lt-16cm-POT2010.html,196207-0016,Σκεύη Μαγειρικής
Kalorik Βαθιά Κατσαρόλα από Αλουμίνιο 4.1lt / 24cm,36.9,https://www.skroutz.gr/s/35240822/Kalorik-%CE%92%CE%B1%CE%B8%CE%B9%CE%AC-%CE%9A%CE%B1%CF%84%CF%83%CE%B1%CF%81%CF%8C%CE%BB%CE%B1-%CE%B1%CF%80%CF%8C-%CE%91%CE%BB%CE%BF%CF%85%CE%BC%CE%AF%CE%BD%CE%B9%CE%BF-4-1lt-24cm-POT2001.html,196207-0017,Σκεύη Μαγειρικής
Kalorik Βαθιά Κατσαρόλα από Αλουμίνιο 6.2lt / 28cm,42.9,https://www.skroutz.gr/s/35240880/Kalorik-%CE%92%CE%B1%CE%B8%CE%B9%CE%AC-%CE%9A%CE%B1%CF%84%CF%83%CE%B1%CF%81%CF%8C%CE%BB%CE%B1-%CE%B1%CF%80%CF%8C-%CE%91%CE%BB%CE%BF%CF%85%CE%BC%CE%AF%CE%BD%CE%B9%CE%BF-6-2lt-28cm-POT2002.html,196207-0018,Σκεύη Μαγειρικής
Kalorik Βαθιά Κατσαρόλα από Αλουμίνιο 6.2lt / 28cm,43.9,https://www.skroutz.gr/s/35240868/Kalorik-%CE%92%CE%B1%CE%B8%CE%B9%CE%AC-%CE%9A%CE%B1%CF%84%CF%83%CE%B1%CF%81%CF%8C%CE%BB%CE%B1-%CE%B1%CF%80%CF%8C-%CE%91%CE%BB%CE%BF%CF%85%CE%BC%CE%AF%CE%BD%CE%B9%CE%BF-6-2lt-28cm-POT2020.html,196207-0019,Σκεύη Μαγειρικής
Kalorik Τηγάνι από Αλουμίνιο με Αντικολλητική Επίστρωση 24cm,28.9,https://www.skroutz.gr/s/35240858/Kalorik-%CE%A4%CE%B7%CE%B3%CE%AC%CE%BD%CE%B9-%CE%B1%CF%80%CF%8C-%CE%91%CE%BB%CE%BF%CF%85%CE%BC%CE%AF%CE%BD%CE%B9%CE%BF-%CE%BC%CE%B5-%CE%91%CE%BD%CF%84%CE%B9%CE%BA%CE%BF%CE%BB%CE%BB%CE%B7%CF%84%CE%B9%CE%BA%CE%AE-%CE%95%CF%80%CE%AF%CF%83%CF%84%CF%81%CF%89%CF%83%CE%B7-24cm-PAN2010.html,196207-0020,Σκεύη Μαγειρικής
Kalorik Τηγάνι από Αλουμίνιο με Αντικολλητική Επίστρωση 28cm,33.9,https://www.skroutz.gr/s/35240890/Kalorik-%CE%A4%CE%B7%CE%B3%CE%AC%CE%BD%CE%B9-%CE%B1%CF%80%CF%8C-%CE%91%CE%BB%CE%BF%CF%85%CE%BC%CE%AF%CE%BD%CE%B9%CE%BF-%CE%BC%CE%B5-%CE%91%CE%BD%CF%84%CE%B9%CE%BA%CE%BF%CE%BB%CE%BB%CE%B7%CF%84%CE%B9%CE%BA%CE%AE-%CE%95%CF%80%CE%AF%CF%83%CF%84%CF%81%CF%89%CF%83%CE%B7-28cm-PAN2020.html,196207-0021,Σκεύη Μαγειρικής
Osio Osma 1342 Βάση Τηλεόρασης Τοίχου έως 43 και 25kg,7.9,https://www.skroutz.gr/s/29876123/Osio-Osma-1342-%CE%92%CE%AC%CF%83%CE%B7-%CE%A4%CE%B7%CE%BB%CE%B5%CF%8C%CF%81%CE%B1%CF%83%CE%B7%CF%82-%CE%A4%CE%BF%CE%AF%CF%87%CE%BF%CF%85-%CE%AD%CF%89%CF%82-43-%CE%BA%CE%B1%CE%B9-25kg.html,100304-0006,Βάσεις Τηλεόρασης
Osio OSM-5814 Βάση Τηλεόρασης Τοίχου έως 24 και 25kg,4.9,https://www.skroutz.gr/s/17602989/Osio-OSM-5814-%CE%92%CE%AC%CF%83%CE%B7-%CE%A4%CE%B7%CE%BB%CE%B5%CF%8C%CF%81%CE%B1%CF%83%CE%B7%CF%82-%CE%A4%CE%BF%CE%AF%CF%87%CE%BF%CF%85-%CE%AD%CF%89%CF%82-24-%CE%BA%CE%B1%CE%B9-25kg.html,185304-5814,Βάσεις Τηλεόρασης
Osio OSMA-1275 Επιτραπέζια Βάση Τηλεόρασης έως 65 και 50kg,24.9,https://www.skroutz.gr/s/34220647/Osio-OSMA-1275-%CE%95%CF%80%CE%B9%CF%84%CF%81%CE%B1%CF%80%CE%AD%CE%B6%CE%B9%CE%B1-%CE%92%CE%AC%CF%83%CE%B7-%CE%A4%CE%B7%CE%BB%CE%B5%CF%8C%CF%81%CE%B1%CF%83%CE%B7%CF%82-%CE%AD%CF%89%CF%82-65-%CE%BA%CE%B1%CE%B9-50kg.html,100304-0007,Βάσεις Τηλεόρασης
Osio OSM-7990 Βάση Τηλεόρασης Τοίχου έως 90 και 60kg,49.9,https://www.skroutz.gr/s/23756624/Osio-OSM-7990-%CE%92%CE%AC%CF%83%CE%B7-%CE%A4%CE%B7%CE%BB%CE%B5%CF%8C%CF%81%CE%B1%CF%83%CE%B7%CF%82-%CE%A4%CE%BF%CE%AF%CF%87%CE%BF%CF%85-%CE%AD%CF%89%CF%82-90-%CE%BA%CE%B1%CE%B9-60kg.html,185304-7990,Βάσεις Τηλεόρασης
Osio OSM-7860 Βάση Τηλεόρασης Τοίχου με Βραχίονα έως 60 και 30kg,34.9,https://www.skroutz.gr/s/18720973/Osio-OSM-7860-%CE%92%CE%AC%CF%83%CE%B7-%CE%A4%CE%B7%CE%BB%CE%B5%CF%8C%CF%81%CE%B1%CF%83%CE%B7%CF%82-%CE%A4%CE%BF%CE%AF%CF%87%CE%BF%CF%85-%CE%BC%CE%B5-%CE%92%CF%81%CE%B1%CF%87%CE%AF%CE%BF%CE%BD%CE%B1-%CE%AD%CF%89%CF%82-60-%CE%BA%CE%B1%CE%B9-30kg.html,185304-7860,Βάσεις Τηλεόρασης
Osio OSM-5865 Βάση Τηλεόρασης Τοίχου με Βραχίονα έως 65 και 30kg,39.9,https://www.skroutz.gr/s/18741154/Osio-OSM-5865-%CE%92%CE%AC%CF%83%CE%B7-%CE%A4%CE%B7%CE%BB%CE%B5%CF%8C%CF%81%CE%B1%CF%83%CE%B7%CF%82-%CE%A4%CE%BF%CE%AF%CF%87%CE%BF%CF%85-%CE%BC%CE%B5-%CE%92%CF%81%CE%B1%CF%87%CE%AF%CE%BF%CE%BD%CE%B1-%CE%AD%CF%89%CF%82-65-%CE%BA%CE%B1%CE%B9-30kg.html,185304-5865,Βάσεις Τηλεόρασης
First Austria FA5170 Ηλεκτρικό Φορητό Ψυγείο Θερμαντήρας 12V / 220V 32lt,129.9,https://www.skroutz.gr/s/10507039/First-Austria-FA5170-%CE%97%CE%BB%CE%B5%CE%BA%CF%84%CF%81%CE%B9%CE%BA%CF%8C-%CE%A6%CE%BF%CF%81%CE%B7%CF%84%CF%8C-%CE%A8%CF%85%CE%B3%CE%B5%CE%AF%CE%BF-%CE%98%CE%B5%CF%81%CE%BC%CE%B1%CE%BD%CF%84%CE%AE%CF%81%CE%B1%CF%82-12V-220V-32lt.html,1109215-0008,Μικροσυσκευές
Philips Power Αλκαλικές Μπαταρίες AAA 1.5V 20τμχ,7.99,https://www.skroutz.gr/s/29878413/Philips-Power-%CE%91%CE%BB%CE%BA%CE%B1%CE%BB%CE%B9%CE%BA%CE%AD%CF%82-%CE%9C%CF%80%CE%B1%CF%84%CE%B1%CF%81%CE%AF%CE%B5%CF%82-AAA-1-5V-20%CF%84%CE%BC%CF%87.html,1150350-0004,Μπαταρίες
Philips Power Αλκαλικές Μπαταρίες AA 1.5V 20τμχ,9.99,https://www.skroutz.gr/s/19877239/Philips-Power-%CE%91%CE%BB%CE%BA%CE%B1%CE%BB%CE%B9%CE%BA%CE%AD%CF%82-%CE%9C%CF%80%CE%B1%CF%84%CE%B1%CF%81%CE%AF%CE%B5%CF%82-AA-1-5V-20%CF%84%CE%BC%CF%87.html,1150350-0005,Μπαταρίες
Philips Long Lasting Power Αλκαλικές Μπαταρίες AAA 1.5V 10τμχ,3.99,https://www.skroutz.gr/s/25000413/Philips-Long-Lasting-Power-%CE%91%CE%BB%CE%BA%CE%B1%CE%BB%CE%B9%CE%BA%CE%AD%CF%82-%CE%9C%CF%80%CE%B1%CF%84%CE%B1%CF%81%CE%AF%CE%B5%CF%82-AAA-1-5V-10%CF%84%CE%BC%CF%87.html,115010-0006,Μπαταρίες
Philips Long Lasting Power Αλκαλικές Μπαταρίες AA 1.5V 10τμχ,4.99,https://www.skroutz.gr/s/25041965/Philips-Long-Lasting-Power-%CE%91%CE%BB%CE%BA%CE%B1%CE%BB%CE%B9%CE%BA%CE%AD%CF%82-%CE%9C%CF%80%CE%B1%CF%84%CE%B1%CF%81%CE%AF%CE%B5%CF%82-AA-1-5V-10%CF%84%CE%BC%CF%87.html,115010-0005,Μπαταρίες
Philips Long Lasting Power Αλκαλικές Μπαταρίες AAA 1.5V 4τμχ,1.99,https://www.skroutz.gr/s/25000544/Philips-Long-Lasting-Power-%CE%91%CE%BB%CE%BA%CE%B1%CE%BB%CE%B9%CE%BA%CE%AD%CF%82-%CE%9C%CF%80%CE%B1%CF%84%CE%B1%CF%81%CE%AF%CE%B5%CF%82-AAA-1-5V-4%CF%84%CE%BC%CF%87.html,115010-0004,Μπαταρίες
Philips Long Lasting Power Αλκαλικές Μπαταρίες AA 1.5V 4τμχ,1.99,https://www.skroutz.gr/s/25042106/Philips-Long-Lasting-Power-%CE%91%CE%BB%CE%BA%CE%B1%CE%BB%CE%B9%CE%BA%CE%AD%CF%82-%CE%9C%CF%80%CE%B1%CF%84%CE%B1%CF%81%CE%AF%CE%B5%CF%82-AA-1-5V-4%CF%84%CE%BC%CF%87.html,115010-0003,Μπαταρίες
Philips Πολύπριζο Ασφαλείας 4 Θέσεων με Διακόπτη και Καλώδιο 2m Λευκό,22.9,https://www.skroutz.gr/s/35557748/Philips-%CE%A0%CE%BF%CE%BB%CF%8D%CF%80%CF%81%CE%B9%CE%B6%CE%BF-%CE%91%CF%83%CF%86%CE%B1%CE%BB%CE%B5%CE%AF%CE%B1%CF%82-4-%CE%98%CE%AD%CF%83%CE%B5%CF%89%CE%BD-%CE%BC%CE%B5-%CE%94%CE%B9%CE%B1%CE%BA%CF%8C%CF%80%CF%84%CE%B7-%CE%BA%CE%B1%CE%B9-%CE%9A%CE%B1%CE%BB%CF%8E%CE%B4%CE%B9%CE%BF-2m-%CE%9B%CE%B5%CF%85%CE%BA%CF%8C-SPN7041WA-GRS.html,1150100-0010,Πολύπριζα
Kalorik TKG SFC 1008 Ατμοκαθαριστής Πίεσης 4bar με Κοντάρι,59.9,https://www.skroutz.gr/s/35628797/Kalorik-TKG-SFC-1008-%CE%91%CF%84%CE%BC%CE%BF%CE%BA%CE%B1%CE%B8%CE%B1%CF%81%CE%B9%CF%83%CF%84%CE%AE%CF%82-%CE%A0%CE%AF%CE%B5%CF%83%CE%B7%CF%82-4bar-%CE%BC%CE%B5-%CE%9A%CE%BF%CE%BD%CF%84%CE%AC%CF%81%CE%B9.html,196198-0020,Μικροσυσκευές
Motorola E201 Ασύρματο Τηλέφωνο με Aνοιχτή Aκρόαση,27.9,https://www.skroutz.gr/s/15908809/Motorola-E201-%CE%91%CF%83%CF%8D%CF%81%CE%BC%CE%B1%CF%84%CE%BF-%CE%A4%CE%B7%CE%BB%CE%AD%CF%86%CF%89%CE%BD%CE%BF-%CE%BC%CE%B5-A%CE%BD%CE%BF%CE%B9%CF%87%CF%84%CE%AE-A%CE%BA%CF%81%CF%8C%CE%B1%CF%83%CE%B7.html,14587-9268,Τηλ. Ασύρματα
Motorola E201 Ασύρματο Τηλέφωνο με Aνοιχτή Aκρόαση Λευκό,27.9,https://www.skroutz.gr/s/21213063/Motorola-E201-%CE%91%CF%83%CF%8D%CF%81%CE%BC%CE%B1%CF%84%CE%BF-%CE%A4%CE%B7%CE%BB%CE%AD%CF%86%CF%89%CE%BD%CE%BF-%CE%BC%CE%B5-A%CE%BD%CE%BF%CE%B9%CF%87%CF%84%CE%AE-A%CE%BA%CF%81%CF%8C%CE%B1%CF%83%CE%B7-%CE%9B%CE%B5%CF%85%CE%BA%CF%8C.html,14587-9269,Τηλ. Ασύρματα
Philips XL4901DS/GRS Ασύρματο Τηλέφωνο με Aνοιχτή Aκρόαση Μαύρο,59,https://www.skroutz.gr/s/31226939/Philips-XL4901DS-GRS-%CE%91%CF%83%CF%8D%CF%81%CE%BC%CE%B1%CF%84%CE%BF-%CE%A4%CE%B7%CE%BB%CE%AD%CF%86%CF%89%CE%BD%CE%BF-%CE%BC%CE%B5-A%CE%BD%CE%BF%CE%B9%CF%87%CF%84%CE%AE-A%CE%BA%CF%81%CF%8C%CE%B1%CF%83%CE%B7-%CE%9C%CE%B1%CF%8D%CF%81%CE%BF.html,115087-0008,Τηλ. Ασύρματα
Philips XL4901S Ασύρματο Τηλέφωνο με Aνοιχτή Aκρόαση,59,https://www.skroutz.gr/s/7544030/Philips-XL4901S-%CE%91%CF%83%CF%8D%CF%81%CE%BC%CE%B1%CF%84%CE%BF-%CE%A4%CE%B7%CE%BB%CE%AD%CF%86%CF%89%CE%BD%CE%BF-%CE%BC%CE%B5-A%CE%BD%CE%BF%CE%B9%CF%87%CF%84%CE%AE-A%CE%BA%CF%81%CF%8C%CE%B1%CF%83%CE%B7.html,115087-0005,Τηλ. Ασύρματα
First Austria FA-5053 Φριτέζα Αέρος με Αποσπώμενο Κάδο 3.5lt Μαύρη,79.9,https://www.skroutz.gr/s/21555037/First-Austria-FA-5053-%CE%A6%CF%81%CE%B9%CF%84%CE%AD%CE%B6%CE%B1-%CE%91%CE%AD%CF%81%CE%BF%CF%82-%CE%BC%CE%B5-%CE%91%CF%80%CE%BF%CF%83%CF%80%CF%8E%CE%BC%CE%B5%CE%BD%CE%BF-%CE%9A%CE%AC%CE%B4%CE%BF-3-5lt-%CE%9C%CE%B1%CF%8D%CF%81%CE%B7.html,199222-0005,Μικροσυσκευές
Akai Ηχείο με λειτουργία Karaoke Party Box 800 σε Μαύρο Χρώμα,239.9,https://www.skroutz.gr/s/34246896/Akai-%CE%97%CF%87%CE%B5%CE%AF%CE%BF-%CE%BC%CE%B5-%CE%BB%CE%B5%CE%B9%CF%84%CE%BF%CF%85%CF%81%CE%B3%CE%AF%CE%B1-Karaoke-Party-Box-800-%CF%83%CE%B5-%CE%9C%CE%B1%CF%8D%CF%81%CE%BF-%CE%A7%CF%81%CF%8E%CE%BC%CE%B1.html,110582-0107 ,Ηχεία
First Austria FA-5562 Επιτραπέζιος Ανεμιστήρας 45W Διαμέτρου 30cm,55,https://www.skroutz.gr/s/12665367/First-Austria-FA-5562-%CE%95%CF%80%CE%B9%CF%84%CF%81%CE%B1%CF%80%CE%AD%CE%B6%CE%B9%CE%BF%CF%82-%CE%91%CE%BD%CE%B5%CE%BC%CE%B9%CF%83%CF%84%CE%AE%CF%81%CE%B1%CF%82-45W-%CE%94%CE%B9%CE%B1%CE%BC%CE%AD%CF%84%CF%81%CE%BF%CF%85-30cm.html,199231-0003,Μικροσυσκευές
First Austria FA-5560-2 Ανεμιστήρας Πύργος 60W με Τηλεχειριστήριο,99,https://www.skroutz.gr/s/18498560/First-Austria-FA-5560-2-%CE%91%CE%BD%CE%B5%CE%BC%CE%B9%CF%83%CF%84%CE%AE%CF%81%CE%B1%CF%82-%CE%A0%CF%8D%CF%81%CE%B3%CE%BF%CF%82-60W-%CE%BC%CE%B5-%CE%A4%CE%B7%CE%BB%CE%B5%CF%87%CE%B5%CE%B9%CF%81%CE%B9%CF%83%CF%84%CE%AE%CF%81%CE%B9%CE%BF.html,199231-0013 ,Μικροσυσκευές
First Austria FA-5560-4 Ανεμιστήρας Πύργος 60W με Τηλεχειριστήριο,119.9,https://www.skroutz.gr/s/23537705/First-Austria-FA-5560-4-%CE%91%CE%BD%CE%B5%CE%BC%CE%B9%CF%83%CF%84%CE%AE%CF%81%CE%B1%CF%82-%CE%A0%CF%8D%CF%81%CE%B3%CE%BF%CF%82-60W-%CE%BC%CE%B5-%CE%A4%CE%B7%CE%BB%CE%B5%CF%87%CE%B5%CE%B9%CF%81%CE%B9%CF%83%CF%84%CE%AE%CF%81%CE%B9%CE%BF.html,199231-0015 ,Μικροσυσκευές
Akai Ενισχυτής με λειτουργία Karaoke AS110RA-320BT σε Μαύρο Χρώμα,169.9,https://www.skroutz.gr/s/1922206/Akai-%CE%95%CE%BD%CE%B9%CF%83%CF%87%CF%85%CF%84%CE%AE%CF%82-%CE%BC%CE%B5-%CE%BB%CE%B5%CE%B9%CF%84%CE%BF%CF%85%CF%81%CE%B3%CE%AF%CE%B1-Karaoke-AS110RA-320BT-%CF%83%CE%B5-%CE%9C%CE%B1%CF%8D%CF%81%CE%BF-%CE%A7%CF%81%CF%8E%CE%BC%CE%B1.html,110582-3201,Ενισχυτές
"Akai CA015A-4108S Ηχοσύστημα Αυτοκινήτου Universal 1DIN (Bluetooth/USB/AUX) με Οθόνη 4""",99.9,https://www.skroutz.gr/s/18145710/Akai-CA015A-4108S-%CE%97%CF%87%CE%BF%CF%83%CF%8D%CF%83%CF%84%CE%B7%CE%BC%CE%B1-%CE%91%CF%85%CF%84%CE%BF%CE%BA%CE%B9%CE%BD%CE%AE%CF%84%CE%BF%CF%85-Universal-1DIN-Bluetooth-USB-AUX-%CE%BC%CE%B5-%CE%9F%CE%B8%CF%8C%CE%BD%CE%B7-4-110586-0003.html,110586-0003,Ηχοσυστήματα Αυτ.
Akai M3-Soul Ηχείο Bluetooth 20W με 15 ώρες Λειτουργίας Brown,99.9,https://www.skroutz.gr/s/36073341/Akai-M3-Soul-110582-0109-%CE%97%CF%87%CE%B5%CE%AF%CE%BF-Bluetooth-20W-%CE%BC%CE%B5-15-%CF%8E%CF%81%CE%B5%CF%82-%CE%9B%CE%B5%CE%B9%CF%84%CE%BF%CF%85%CF%81%CE%B3%CE%AF%CE%B1%CF%82-Brown.html,110582-0109 ,Ηχεία
Akai M3-Soul Ηχείο Bluetooth 20W με 15 ώρες Λειτουργίας White,99.9,https://www.skroutz.gr/s/36068973/Akai-M3-Soul-110582-0120-%CE%97%CF%87%CE%B5%CE%AF%CE%BF-Bluetooth-20W-%CE%BC%CE%B5-15-%CF%8E%CF%81%CE%B5%CF%82-%CE%9B%CE%B5%CE%B9%CF%84%CE%BF%CF%85%CF%81%CE%B3%CE%AF%CE%B1%CF%82-White.html,110582-0120,Ηχεία
Akai PR003A-410 Φορητό Ραδιόφωνο Ρεύματος Λευκό,24.9,https://www.skroutz.gr/s/23931257/Akai-PR003A-410-%CE%A6%CE%BF%CF%81%CE%B7%CF%84%CF%8C-%CE%A1%CE%B1%CE%B4%CE%B9%CF%8C%CF%86%CF%89%CE%BD%CE%BF-%CE%A1%CE%B5%CF%8D%CE%BC%CE%B1%CF%84%CE%BF%CF%82-%CE%9B%CE%B5%CF%85%CE%BA%CF%8C.html,110583-0411 ,Ραδιόφωνα
Akai PR003A-410 Φορητό Ραδιόφωνο Ρεύματος Μαύρο,24.9,https://www.skroutz.gr/s/8674361/Akai-PR003A-410-%CE%A6%CE%BF%CF%81%CE%B7%CF%84%CF%8C-%CE%A1%CE%B1%CE%B4%CE%B9%CF%8C%CF%86%CF%89%CE%BD%CE%BF-%CE%A1%CE%B5%CF%8D%CE%BC%CE%B1%CF%84%CE%BF%CF%82-%CE%9C%CE%B1%CF%8D%CF%81%CE%BF.html,110583-0410 ,Ραδιόφωνα
Osio Κλειδοθήκη Τοίχου με Συνδυασμό 30x10x36cm,79.9,https://www.skroutz.gr/s/36327411/Osio-%CE%9A%CE%BB%CE%B5%CE%B9%CE%B4%CE%BF%CE%B8%CE%AE%CE%BA%CE%B7-%CE%A4%CE%BF%CE%AF%CF%87%CE%BF%CF%85-%CE%BC%CE%B5-%CE%A3%CF%85%CE%BD%CE%B4%CF%85%CE%B1%CF%83%CE%BC%CF%8C-OSB-3630CR-30x10x36cm.html,100452-0012 ,Χρηματοκιβώτια
Osio Οπλοκιβώτιο 3 Θέσεων με Κλειδαριά,299,https://www.skroutz.gr/s/36342607/Osio-%CE%9F%CF%80%CE%BB%CE%BF%CE%BA%CE%B9%CE%B2%CF%8E%CF%84%CE%B9%CE%BF-3-%CE%98%CE%AD%CF%83%CE%B5%CF%89%CE%BD-%CE%BC%CE%B5-%CE%9A%CE%BB%CE%B5%CE%B9%CE%B4%CE%B1%CF%81%CE%B9%CE%AC.html,100452-0013 ,Χρηματοκιβώτια
Motorola CT510 Ενσύρματο Τηλέφωνο Γραφείου Λευκό,49.9,https://www.skroutz.gr/s/21503772/Motorola-CT510-%CE%95%CE%BD%CF%83%CF%8D%CF%81%CE%BC%CE%B1%CF%84%CE%BF-%CE%A4%CE%B7%CE%BB%CE%AD%CF%86%CF%89%CE%BD%CE%BF-%CE%93%CF%81%CE%B1%CF%86%CE%B5%CE%AF%CE%BF%CF%85-%CE%9B%CE%B5%CF%85%CE%BA%CF%8C.html,14587-0106,Τηλ. Ενσύρματα
Motorola T311 Ασύρματο Τηλέφωνο με Aνοιχτή Aκρόαση,39.9,https://www.skroutz.gr/s/7822317/Motorola-T311-%CE%91%CF%83%CF%8D%CF%81%CE%BC%CE%B1%CF%84%CE%BF-%CE%A4%CE%B7%CE%BB%CE%AD%CF%86%CF%89%CE%BD%CE%BF-%CE%BC%CE%B5-A%CE%BD%CE%BF%CE%B9%CF%87%CF%84%CE%AE-A%CE%BA%CF%81%CF%8C%CE%B1%CF%83%CE%B7.html,14587-9238,Τηλ. Ενσύρματα
