shop,email
E-theodoulidis,i.foutsitzis@soundstar.gr
Stax Group,
Electric Shop,c.toulis@soundstar.gr
Euragora,akritas.chatz@soundstar.gr
ElectroStudio,c.toulis@soundstar.gr
Maniastore,
Techking,i.foutsitzis@soundstar.gr
TechSport,
3dmall,
Taergalia,
Sunshine,k.horianopoulos@soundstar.gr
Soundimage,
Electrocrete,i.foutsitzis@soundstar.gr
Thesstore,i.foutsitzis@soundstar.gr
Praktiker,
BarbaStore,i.foutsitzis@soundstar.gr
Fotia,
Pairno,c.toulis@soundstar.gr
Esmarket,th.vasiliadis@soundstar.gr
Apothema,
E-Felekis,akritas.chatz@soundstar.gr
ShopHere,k.horianopoulos@soundstar.gr
Klapstores,th.vasiliadis@soundstar.gr
Allintech,k.horianopoulos@soundstar.gr
Plus3,c.toulis@soundstar.gr
Shop13,th.vasiliadis@soundstar.gr
Somon,
Cosmodata,k.horianopoulos@soundstar.gr
Market24,
Offerstore,
Cosmo-market,k.horianopoulos@soundstar.gr
Acron Shop,
Trelokalathi,th.vasiliadis@soundstar.gr
Electrical Roumeliotis,th.vasiliadis@soundstar.gr
Endless,g.kolomvos@soundstar.gr
YoloHome,k.horianopoulos@soundstar.gr
Allsmart,k.horianopoulos@soundstar.gr
Lifestore,akritas.chatz@soundstar.gr
PCLIFE,
Mrtoner,i.foutsitzis@soundstar.gr
El-shop,
Smart-Tech,
Globoshop,
Filinda,
Plaza24,k.horianopoulos@soundstar.gr
Mytechbox,
Systral,
Click Inside,i.foutsitzis@soundstar.gr
Studio Mao,akritas.chatz@soundstar.gr
Just One,c.toulis@soundstar.gr
Guaranty,th.vasiliadis@soundstar.gr
SilverMall,
Ergo-Horeca,akritas.chatz@soundstar.gr
Ergo-light,akritas.chatz@soundstar.gr
Techstores,k.horianopoulos@soundstar.gr
Snatch,k.horianopoulos@soundstar.gr
Digishark,g.kolomvos@soundstar.gr
Bazaarelectric,k.horianopoulos@soundstar.gr
ShopGR,i.foutsitzis@soundstar.gr
Fortsa,i.foutsitzis@soundstar.gr
Electrostar,i.foutsitzis@soundstar.gr
Wanted Price,
You,k.horianopoulos@soundstar.gr
Skonto,
Maxelectric,i.foutsitzis@soundstar.gr
Mbuy,minas.hatz@soundstar.gr
SOPIT,
E-Box,i.foutsitzis@soundstar.gr
E-vafiadis,
Fortoste,minas.hatz@soundstar.gr
eTranoulis,th.vasiliadis@soundstar.gr
Tsabastore,k.horianopoulos@soundstar.gr
Buyit4u,g.kolomvos@soundstar.gr
Electro-House,i.foutsitzis@soundstar.gr
Ilectrorama,akritas.chatz@soundstar.gr
Zmart,
Wishop,i.foutsitzis@soundstar.gr
Stop&Shop,th.vasiliadis@soundstar.gr
Shopon,i.foutsitzis@soundstar.gr
Dileris,i.foutsitzis@soundstar.gr
Clickαρέ το!,
Electrofox,g.kolomvos@soundstar.gr
E-apostolakis,akritas.chatz@soundstar.gr
Stratos,
Stechi,th.vasiliadis@soundstar.gr
Electromarkt,
eshopexpress,th.vasiliadis@soundstar.gr
Tzorakis,i.foutsitzis@soundstar.gr
Moutaftsis,i.foutsitzis@soundstar.gr
Kooqie,
Stokostos,
Samarasae,i.foutsitzis@soundstar.gr
LoveU,
Besta,
Mega salapatas,g.kolomvos@soundstar.gr
Electroholic,k.horianopoulos@soundstar.gr
Ezone,
Briza,k.horianopoulos@soundstar.gr
Κολομβούνης,k.horianopoulos@soundstar.gr
Dragan,akritas.chatz@soundstar.gr
Allyouwant,
Barcode,akritas.chatz@soundstar.gr
1stcoffee,
Think Electric,
247home,
ΗΛΕΚΤΡΑΓΟΡΑ ΜΠΙΜΠΗΣ,akritas.chatz@soundstar.gr
Electro Market,i.foutsitzis@soundstar.gr
iCart Shop,g.kolomvos@soundstar.gr
JKazakos,g.kolomvos@soundstar.gr
E-karonis,k.horianopoulos@soundstar.gr
WElectronics,
e-Glou,akritas.chatz@soundstar.gr
ΜΙΧΑΗΛΙΔΗΣ ΦΩΤΙΣΜΟΣ,
Produck,
Kountis,
Plus4u,
Ilektroxoros,akritas.chatz@soundstar.gr
Webdeals,i.foutsitzis@soundstar.gr
Schinas-electric,g.kolomvos@soundstar.gr
Pulse,i.foutsitzis@soundstar.gr
Ecomarkt,
E-anthidis,akritas.chatz@soundstar.gr
Clubelectric,g.kolomvos@soundstar.gr
PapadatosHome,g.kolomvos@soundstar.gr
Shopping Deals,
Homework,g.kolomvos@soundstar.gr
Pixel,akritas.chatz@soundstar.gr
SaveIt,akritas.chatz@soundstar.gr
Allaroundyou,
E-kotsis,
Ιωσήφ Παπαδάτος,
5050,akritas.chatz@soundstar.gr
Spithas,
Παπατσαρούχας  Απόστολος,
Electronix,i.foutsitzis@soundstar.gr
Leroy Merlin,
PC1,
ΑΦΟΙ ΒΡΑΪΜΑΚΗ Ο.Ε,
Eykairias,
Clubelectrocosmos,g.kolomvos@soundstar.gr
electricair,
Allmarket,
Regroup-shop,c.toulis@soundstar.gr
PriveShop,
E-orfanos,g.kolomvos@soundstar.gr
GuruElectrics,i.foutsitzis@soundstar.gr
Germanos,st.toulis@soundstar.gr
Media Markt,k.horianopoulos@soundstar.gr
iFuture,
Ledmania,
ΠΑΝΗΛΕΚΤΡΙΚΗ ΣΑΡΑΓΑΣ,
KoukourakisMs,th.vasiliadis@soundstar.gr
Smart Cart,
TechFace,k.horianopoulos@soundstar.gr
inBox,k.horianopoulos@soundstar.gr
Energy,g.kolomvos@soundstar.gr
Level-electrics,i.foutsitzis@soundstar.gr
Silvernose,
Gadgeto,
Alifragis,
Electrastore,
Web-electric,
Παρράς,th.vasiliadis@soundstar.gr
Uprice multistore,
Oikostore,
FaceStores,
Myeuro nics,
Alexopoulos Electronics,
Click Online,
Allstore,i.foutsitzis@soundstar.gr
King Market,i.foutsitzis@soundstar.gr
Electrostore,i.foutsitzis@soundstar.gr
DealBox,
KS stores,i.foutsitzis@soundstar.gr
Korosidis,minas.hatz@soundstar.gr
ElectroWest,th.vasiliadis@soundstar.gr
Shop.Metnet,
D. Tranoulis,
Perkas,i.foutsitzis@soundstar.gr
Home Planet,g.kolomvos@soundstar.gr
Nok-Shop,
Mobibox,i.foutsitzis@soundstar.gr
Enterspace,
Airclean,
Mobitech,
ClickSimple,
Electroshop,
Nakosonline,
Electrofull,i.foutsitzis@soundstar.gr
Take It Now,i.foutsitzis@soundstar.gr
Plaisio,minas.hatz@soundstar.gr
Marketelectrics,i.foutsitzis@soundstar.gr
Tsampas,g.kolomvos@soundstar.gr
NeoShop,
Vatsakis,i.foutsitzis@soundstar.gr
ReadyMall,
Ηλεκτρολύσεις,
Fastcom,
Techrider,akritas.chatz@soundstar.gr
Konstas-market,
Gadgetakides,
Expert,
My24shop,
Lightideas,
Electric Supplies Store,
WebStore,th.vasiliadis@soundstar.gr
Clubhouse,n.tzartzalis@soundstar.gr
ZaxosMusic,
Eleashop,
Tefteridis,
eprodromou,akritas.chatz@soundstar.gr
Ecenter,
Papandrikopoulos,
Estiashop,akritas.chatz@soundstar.gr
Αποστολόπουλος,
Oikonomou,
Oikonomou Shop,
Tiletechniki,minas.hatz@soundstar.gr
Unbox Greece,
Cosmoprice,k.horianopoulos@soundstar.gr
Starbit,k.horianopoulos@soundstar.gr
E-rainbow,
Exandas,
Multi-home,
Buyelectric,akritas.chatz@soundstar.gr
Fotocom,akritas.chatz@soundstar.gr
FixMeApp,
My Basis,
MrGadget,i.foutsitzis@soundstar.gr
E-smarteck,g.kolomvos@soundstar.gr
Mmplanet,g.kolomvos@soundstar.gr
AllGadget,
NiotisServices,
Marketoupoli,
B2Shopy,
LS,
Multishop,
Meidanis,g.kolomvos@soundstar.gr
Easlanidis,g.kolomvos@soundstar.gr
SameerGroup,
Mytechtrade,
Dr Mob,
TsmartStore,
Mobibus,
Gadget Shop Κρήτης,
IP Service,
Noulis,
Teleservice,
Saver,
Saver Mobile,
4home,
E-kousis,
Trimel,g.kolomvos@soundstar.gr
Yourpc,
Mobilecity,
Blakestore,
Online365,i.foutsitzis@soundstar.gr
XpShop,g.kolomvos@soundstar.gr
Techville,
Techpassion,
Allelectrics,
Pinguin,
Skotsezos,
Proton Power & Light,g.kolomvos@soundstar.gr
E-revma,i.foutsitzis@soundstar.gr
Led Magonis Store,g.kolomvos@soundstar.gr
Σπανός,
Pare Oti Thes,
Jdiamantis,
Tefariki,
Electrotech,
Jasper,g.kolomvos@soundstar.gr
Stain,
Electronics Store,
Moustakislight,
Kmichailidis,
Easy Service,
AllStock,
Super Buy,
Electrozone,
SNAP,
CrazyMarket,
Hellas-tech,
Online-mall,
Ariatrade,
Maxsat,
Ergoaction,
Gadget Planet,
Marketree,
Digital Master,
Bitprice,
Ekos,
BeeGadget,
Quickshop,
T-support,
Gatoulis,
Kappoutel,
Beboo,
Best-offer,
Contact,
Shopenter,th.vasiliadis@soundstar.gr
Electromania,
E-smartbuy,
Gadget-Shop,
Cityshop,
Kostantis,
Melanishop,
Phone Club,
Computer Art,
Edepo,
EasyTechnology,
Locoss,
Gadgetry,
Incase,
MaxLine,
ZIOGAS City Store,
ServiceLab,
Planetstore,
Texnologia,
2in1 market&service,
Superoffers,
e-SmartMall,
Deltabox,
Refurbished24,
Nerds Technology,
Στελιος Μοσκοβης,
Antoniadis,
Pancarshop,
DepoCenter,
Toxw,
Flytech,
Medicoshop,
Shopping Shop,
Smarteasy,
Techlover,
KataNou,
Dreamelectric,
TopPrice,
Mercato,
Ήρα Εμπορική,
Asos Electronics,
Bakirtzis Ilias Store,
Cartmania,
E-vasileiou,
Mobile Hub,
JMCtech,
Ispare,
PC++,
Mplace,
ApΤech,
MobileProject,
Mrmobitech,
Bodystore,
GrSix,
Βούρος Παναγιώτης,akritas.chatz@soundstar.gr
Tzafis,g.kolomvos@soundstar.gr
24all,
Zero1,
Pc Xperts,
PcBonus,
Premium Phones,
Powercore,k.horianopoulos@soundstar.gr
DeltaStores,i.foutsitzis@soundstar.gr
TechFreak,
Storeio,
AstronGameClub,
Ebow,
Multinet,
GsTecSystem,th.vasiliadis@soundstar.gr
Tech Power,
Hightech,
Kings Deal,
ShopAllDay,
PriceRight,
247store,
GMshop,
Digitaland,
DiogeniStore,akritas.chatz@soundstar.gr
Plus26,
Dataspot Sotiriadis,
E-timi,
Clickup,
MG Manager,
MacD,
Eforce,
Minya,
MyTechmall,
Smartfox,
Click and Shop,
Super Marketplace,
IT Direct,
TechByte,
Elabstore,
Ergo-Tel,
Galazoula,
SL Tax,
Greatchoice,
Led24,
TerraShop,
Desikos,
Checkitin,
Leditnow,
DBX-Shop,
Pc-BonusPlus,
E-basis,i.foutsitzis@soundstar.gr
ProteinStore,
Techartland,
Alltimeoffers,th.vasiliadis@soundstar.gr
TheGadget,i.foutsitzis@soundstar.gr
Top-Store,
Bestdeal,akritas.chatz@soundstar.gr
Squel,
Geekmart,
Bestprice4u,
Smarteye,
Mobileria accessories,
eScroll,
Wellmarket,
e-psilika,
Buy4you,
Background,
Orizonstore,g.kolomvos@soundstar.gr
Electrogatos,i.foutsitzis@soundstar.gr
Raba,i.foutsitzis@soundstar.gr
BatteryLight,
Boutique Electric,c.toulis@soundstar.gr
Central,k.horianopoulos@soundstar.gr
Fru,
Taxkapa Computers,
JusTech,
Cool Shop,
Restjewellery,
The Power Base,
Mytel,g.kolomvos@soundstar.gr
ElectricKall Services,
Energy Center,
ShopForYou,
Tech4you,
MobileExpert,
HouseShop,akritas.chatz@soundstar.gr
Mad Market,
Clicktech,
Start Shop,
Clainmain,
Daisat,
Homelove,
MarketClub,
Klstore,minas.hatz@soundstar.gr
Shoppingstyle,
Shoplando,
Pro-Sale,
Tsampaola,
Tsekareto,
Liber,
Techstreet,
Hogar,
Sfera Group Greece,
Shophere Multistore,
Exartima,g.kolomvos@soundstar.gr
Gnet,
BnS,minas.hatz@soundstar.gr
Mygrocery,
Electromad,
Pcloading,
Electric-Avenue,g.kolomvos@soundstar.gr
Electrix,
KapaShop,th.vasiliadis@soundstar.gr
Shop365,k.horianopoulos@soundstar.gr
TerrabyteNet,
TonerHouse,i.foutsitzis@soundstar.gr
WelcomeStores,c.toulis@soundstar.gr
Oil-stores,
E-argiris,
e-TerraNet,
Expresshop,
Ν&Μ,
AntoniouHomes,
Uniqueshop,
Paint House,
J.M Offers,
Κmichailidis,
MobilePro-Shop,
Chipis,th.vasiliadis@soundstar.gr
Pricehunter,k.horianopoulos@soundstar.gr
Kampragos,
"Myeuro,nics",
Myeuronics,
Chapter 1,
Sanmei Electronics,
Novac,
CarPlace,
Χριστόπουλος Τηλεπικοινωνίες,
VNP Shop,
Homelike,
TechMaster Mavridis,
Karatzios,i.foutsitzis@soundstar.gr
A-center,
Eleftheriou-Elektro,
"Φως για ό,τι ανάβει",
Πάμε Τυφλόμυγα,
Tokinito,
Eshop33,
HellasPhone,
Vipeng,
Toa,
Onoff Greece,
NvS Group,
Y.E.S,i.foutsitzis@soundstar.gr
Goworld,akritas.chatz@soundstar.gr
DoctorTech,
Perishop,
KapaElectro,th.vasiliadis@soundstar.gr
E-doagorazeis,
Ihodomi,
Gadget-In,
Ξιφίτας,
Eprestige,
Warmhome,
LT Computers,
SmartByte,
Electremporiki,
Action Group,
Digitech4all,
Clickdom,
Easytoshop,
Familyaid,
Techcosmos,
Tabletoid,
Repairtech,
LiveCart,g.kolomvos@soundstar.gr
Digital 2000,
Go2Shop,
MegaMarkt,
Tsampashop,
Telephoneplus,
Djovani,
GadgetLed,
Express Market,
Getall,
Elecstore,akritas.chatz@soundstar.gr
Dealsavehue,
BBshop,
SepOffers,
MyTech,
Multitec,
KaMaroo,
Online Megastore,
Smart-Tech Marketplace,
Eshophellas,
DotPower,
Xtech,
Clockwork,
ΖΙΩΓΑΣ ΟΕ,
clickαρέ το!,i.foutsitzis@soundstar.gr
House Of Tech,
Top Electronics,
Buy2you,
Expertbuy,
Extrashop,
Multibrands,
Novamera,
Persento,
Ustore,
NTC Market,th.vasiliadis@soundstar.gr
Dabadoo,
EngElectronics,
Koukouzelis,g.kolomvos@soundstar.gr
E-Dj,minas.hatz@soundstar.gr
Dream House Kemos,
Clickbytes,
Pargaccess Shop,
E-katsanas,th.vasiliadis@soundstar.gr
PhoneDoctor,
Artsound,
bestprice4u,th.vasiliadis@soundstar.gr
4allcoffee,
Aplon,
Digital-center,
Electrodeals,i.foutsitzis@soundstar.gr
Partakias,
Familymed,
Power Hub,
All-Stores,
Electricdeals,
Qwerty,
MyBuy.gr,i.foutsitzis@soundstar.gr
Eoms,
Tamiakes365,
DeVito,th.vasiliadis@soundstar.gr
OxygenShop,th.vasiliadis@soundstar.gr
Kolomvouni,
Chill & Get,
Shoffer,th.vasiliadis@soundstar.gr
Lamp-Shop,
Perfectmall,
Home-Stores,
Κmichailidis.gr,
Redtech,
e-ki,th.vasiliadis@soundstar.gr
ElectRika,
The Right Price,
Mobilehellas,
Ican,i.foutsitzis@soundstar.gr
Electricstores,i.foutsitzis@soundstar.gr
Clima Fire Energy,
BuyChoice,
Onoff.gr,
Never-offline,
Tech-Bot,th.vasiliadis@soundstar.gr
Αρέστης Νικόλαος,
MagicStar,
GadgetMart,
Goneis,
Arena77,
Abox,
Bigsmart,
Prosmart,
Best Phone,
Magic Sales,
Gmania Shop,
Mobilecare,
Thegadgetcase,k.horianopoulos@soundstar.gr
Cookie-Box,
MyTechStore,
Futurashop,
Maxelectric.gr,i.foutsitzis@soundstar.gr
BeeBoom,
Onway Home,
Mylion,
Science Cube,
Katoikianet,
e-tiletechniki,
Marafeti,
Eggtech,
Τech-expert,
Sportpro,
Autosel33,
ST Technology Spot,
Shop.GoldMall,
Wishbox,
Spowershop,
konstas-market,
ApTech,
AptechShop,
Devine Tech,
Magicmarket,i.foutsitzis@soundstar.gr
E-Safari,i.foutsitzis@soundstar.gr
Tech-in,
Level,
Atsidas,i.foutsitzis@soundstar.gr
SatDG,
Onoff,
shop-in,
Oikoefkairies,
Katrakishome,i.foutsitzis@soundstar.gr
vl garage,
Μ/Δ,
TechnologyShop,
MrBig,akritas.chatz@soundstar.gr
Tech-Bot_old,
Orange,
Kotsovolos,st.toulis@soundstar.gr
e-dealer.gr,
Smart-store,
Shoppino,
e-shopaki,
ASF Automotive,
Eshopelectric,g.kolomvos@soundstar.gr
Tnt Store,
E-phones,
My-Mobile,
Mobiletrade,k.horianopoulos@soundstar.gr
iElectricShop,
BTShop,
Bataria,
Paisidis,
Avgeris,
Deals4u,k.horianopoulos@soundstar.gr
Business Com,g.kolomvos@soundstar.gr
Gamcon,
AboutPc,
Telepolis,
PC Evolution,
MyBuzz,
AskAdam,
E-priza,akritas.chatz@soundstar.gr
Praxisvision,
kmichailidis,akritas.chatz@soundstar.gr
AutoStaff Automotive,
eFiShop,
YourMobit,
Senu,
365shop,
Kinitaki,
Remedios-Shop,
HomeSuperStore,
Carit,
Batsakis,i.foutsitzis@soundstar.gr
AC Power,
Dropit,
E-Karavasilis,g.kolomvos@soundstar.gr
Dido,
B2brands,
E-Dructer,
Bluestore,
Iro Kids,
Mrbox,
BoynGirl,
Techaway,
YouTouBillis Technologic,
Eshopoly,
GoldenStore,
Gadgetsmarket,
SARAGAS EURONICS,
Globalw,
LEVEL,
InGadget,
BestFamily,k.horianopoulos@soundstar.gr
Geleris,
SSK,
PrintezisStore,
Glisten,
E-shopaki,
DeltaStores Greece,
Elektrofasi,
E-koroni,
Darlin,akritas.chatz@soundstar.gr
Afasia,k.horianopoulos@soundstar.gr
ILektrizin,
Telefone,
shop.GoldMall.gr,
MD Sales,
Agrown,
Energy Mpezerianos,
Uninet,
Power Games,
Xbyte Solutions,
Wintouch,
Estore24,
Atamian Boutique Electric,c.toulis@soundstar.gr
Super shopping,
Atamian Boutique Electric - Martiou,
IGreeceStore,
Bestdeals,
E-take,
SalesBrothers,
Hallshop,
Electroline,
Agores-eshop.gr,
Spower,
Bestsmart,g.kolomvos@soundstar.gr
Dbay,
Hlektrika,akritas.chatz@soundstar.gr
Price,
Kaparelis,th.vasiliadis@soundstar.gr
Citizen Store,
Παπαδάκης,i.foutsitzis@soundstar.gr
Megaoffers,
Savethequeen,k.horianopoulos@soundstar.gr
Omarket,
Rentzilas,
Mytek,
Mpitsakakis,i.foutsitzis@soundstar.gr
RadioRenti,g.kolomvos@soundstar.gr
HyperShop,i.foutsitzis@soundstar.gr
Tzini,
GoLock,akritas.chatz@soundstar.gr
Tokalathimou,k.horianopoulos@soundstar.gr
NotesTechnologias,
HotSale,
Service-eshop,
Smarthomeweb,
i-Home,
OMGadget,
All about print,
Ebombs,c.toulis@soundstar.gr
Electrocenter,g.kolomvos@soundstar.gr
E-thiki,
Mikromagazo,akritas.chatz@soundstar.gr
MrCheap,
OneThing,
PriceCom,
Seven Spot,k.horianopoulos@soundstar.gr
Sklavounos ,g.kolomvos@soundstar.gr
Sopo,i.foutsitzis@soundstar.gr
Starkstores,
All,
Iv-spot,
Techitnow Shop,
BigMarket,k.horianopoulos@soundstar.gr
DropStore,
Ekolomvouni,
Endless ,g.kolomvos@soundstar.gr
FoxStore,
MustShop,
Techway,
Dram,i.foutsitzis@soundstar.gr
GrShop,
Pti-Shop,
Smartsales,
TalkToMe,
